K,y,l,e,",", ,y,o,u,r, ,f,a,k,e, ,l,a,u,g,h, ,a,t, ,t,h,e, ,e,n,d, ,w,a,s, ,H,I,L,A,R,I,O,U,S,",", ,s,o, ,f,u,n,n,y,., , ,I, ,a,m, ,s,o,r,r,y, ,i,t, ,h,u,r,t,s, ,s,o, ,m,u,c,h, ,b,u,t, ,w,e, ,g,o,t,t,a, ,l,a,u,g,h, ,a,t, ,s,o,m,e,t,h,i,n,g,., ,w,h,a,t, ,a, ,d,i,s,a,s,t,e,r,",", ,i, ,b,e,t, ,t,h,e, ,i,d,i,o,t,s, ,i,n, ,t,h,a,t, ,v,i,d,e,o, ,v,o,t,e, ,a,t, ,a, ,3,0,%, ,c,l,i,p,.,.,.,.
S,o, ,t,h,i,s, ,w,h,o,l,e, ,a,d, ,h,a,s, ,t,o, ,d,o, ,w,i,t,h, ,p,o,p, ,c,u,l,t,u,r,e, ,a,n,d, ,p,o,l,i,t,i,c,a,l, ,r,e,c,o,g,n,i,t,i,o,n, ,r,a,t,h,e,r, ,t,h,a,n, ,l,i,s,t,i,n,g, ,p,r,o,p,o,s,e,d, ,p,o,l,i,c,i,e,s,., ,D,i,s,g,u,s,t,i,n,g,., ,"""",I,',m, ,J,o,e, ,B,i,d,e,n,",", ,a,n,d, ,I, ,h,a,v,e, ,n,o, ,e,m,p,a,t,h,y, ,t,o,w,a,r,d, ,t,h,i,s, ,m,e,s,s,a,g,e,.,""""
‚Äú,W,o,n,‚Äù, ,i,s, ,m,i,s,l,e,a,d,i,n,g,.
T,h,e,s,e, ,g,u,y,s, ,s,l,e,e,p, ,a,t, ,n,i,g,h,t,., ,T,h,i,n,k, ,a,b,o,u,t, ,t,h,a,t,.
Y,o,u, ,k,n,o,w, ,w,h,a,t,',s, ,e,v,e,n, ,m,o,r,e, ,s,a,d,?, ,T,h,e,y, ,c,o,u,l,d, ,m,a,k,e, ,a,n, ,a,d, ,w,i,t,h, ,d,o,z,e,n,s, ,o,f, ,c,l,i,p,s, ,o,f, ,B,e,r,n,i,e, ,t,a,l,k,i,n,g, ,a,b,o,u,t, ,w,h,a,t, ,a, ,g,r,e,a,t, ,g,u,y, ,J,o,e, ,B,i,d,e,n, ,i,s,.
L,i,k,e,",", ,O,M,G,!
D,o,n,',t, ,s,i,t, ,o,u,t, ,b,u,t, ,v,o,t,e, ,a,n,d, ,s,t,a,r,t, ,s,u,p,p,o,r,t,i,n,g, ,T,h,e, ,G,r,e,e,n, ,p,a,r,t,y, ,o,r, ,e,v,e,n, ,b,e,t,t,e,r,",", ,s,t,a,r,t, ,y,o,u,r, ,a, ,n,e,w, ,p,a,r,t,y,.
O,h, ,m,y, ,g,o,d,",", ,t,h,e,y, ,j,u,s,t, ,l,i,k,e, ,t,h,o,s,e, ,a,n,t,i,-,s,m,o,k,i,n,g, ,a,d,s, ,f,r,o,m, ,t,h,e, ,1,9,9,0,',s,",", ,l,o,l,!, ,Y,o,u, ,k,n,o,w,",", ,t,h,e, ,o,n,e,s, ,t,h,a,t, ,l,o,o,k,e,d, ,l,i,k,e, ,c,i,g,a,r,e,t,t,e,s, ,c,o,m,p,a,n,i,e,s, ,g,o,t, ,t,o, ,m,a,k,e, ,t,h,e,i,r, ,o,w,n, ,a,n,t,i,-,s,m,o,k,i,n,g, ,a,d,s, ,(,I, ,w,o,u,l,d,n,',t, ,b,e, ,s,u,r,p,r,i,s,e,d, ,i,f, ,t,h,e,y, ,d,i,d, ,m,a,k,e, ,t,h,o,s,e, ,c,o,m,m,e,r,c,i,a,l,s,), ,a,n,d, ,t,h,e,y, ,b,r,o,u,g,h,t, ,i,n, ,t,h,e, ,m,o,s,t, ,d,o,r,k,i,e,s,t, ,k,i,d,s, ,t,h,e,y, ,c,o,u,l,d, ,f,i,n,d, ,t,o, ,s,h,o,w, ,h,o,w, ,c,o,o,l, ,s,m,o,k,i,n,g, ,w,a,s,!, ,I,t,',s, ,l,i,k,e, ,B,i,d,e,n, ,i,s, ,t,e,l,l,i,n,g, ,y,o,u,n,g, ,k,i,d,s, ,t,o, ,v,o,t,e, ,f,o,r, ,T,r,u,m,p, ,(,d,i,d, ,T,r,u,m,p, ,m,a,k,e, ,t,h,i,s, ,a,d,?,),!
i,',m, ,s,t,u,p,i,d, ,-, ,i, ,v,o,t,e, ,f,o,r, ,w,h,o,e,v,e,r, ,s,e,e,m,s, ,n,i,c,e,s,t
I,f, ,t,h,i,s, ,i,s, ,w,h,a,t, ,B,i,d,e,n,',s, ,t,e,a,m, ,t,h,i,n,k,s, ,i,s, ,e,f,f,e,c,t,i,v,e,",", ,w,e, ,b,e,t,t,e,r, ,t,h,i,n,k, ,a,b,o,u,t, ,f,o,u,r, ,m,o,r,e, ,y,e,a,r,s, ,o,f, ,T,r,u,m,p,-,P,e,n,c,e,.
i, ,f,e,e,l, ,l,i,k,e, ,i, ,w,a,s, ,g,r,o,w,i,n,g, ,a, ,v,a,g,i,n,a, ,l,i,s,t,e,n,i,n,g, ,t,o, ,t,h,o,s,e, ,f,u,c,k,i,n,g, ,i,d,i,o,t,s
I,',v,e, ,s,e,e,n, ,c,o,n,d,e,s,c,e,n,d,i,n,g, ,a,d,s, ,b,e,f,o,r,e,",", ,b,u,t, ,I, ,t,h,i,n,k, ,t,h,i,s, ,o,n,e, ,t,o,p,s, ,t,h,e,m, ,a,l,l
1,:,2,7, ,w,h,e,n, ,y,o,u, ,t,u,r,n, ,i,n,t,o, ,t,h,e, ,J,o,k,e,r
b,i,d,e,n, ,&, ,h,i,s, ,c,a,m,p,a,i,g,n, ,a,r,e, ,c,o,n,s,i,t,e,n,t,l,y, ,p,a,t,h,e,t,i,c, ,&, ,p,a,t,h,e,t,i,c,a,l,l,y, ,c,o,n,s,i,s,t,e,n,t
"""",J,o,e,',s, ,l,i,k,e, ,t,o,o,o,o,t,a,l,l,y, ,l,i,k,e, ,t,h,a,t, ,f,a,m,i,l,y, ,f,r,i,e,n,d, ,t,h,a,t, ,y,o,u, ,l,i,k,e, ,k,n,o,w, ,w,h,o, ,s,a,y,s, ,t,o, ,y,o,u, ,',n,o,w, ,l,o,o,k,",", ,i,f, ,y,o,u, ,t,e,l,l, ,A,N,Y,O,N,E, ,w,h,a,t, ,I, ,j,u,s,t, ,d,i,d, ,t,o, ,y,o,u,",", ,I, ,w,i,l,l, ,c,u,t, ,y,o,u,r, ,h,e,a,d, ,o,f,f,",", ,g,o,t, ,i,t,?,!,?,!,', ,.,.,., ,I, ,l,i,k,e, ,r,e,a,l,l,y, ,l,i,k,e, ,h,i,s, ,v,i,b,e,!,""""
üòÇ,üíÄ, ,t,h,a,t, ,l,a,u,g,h, ,üòÇ,üò≠,üòÇ, , , , , , , ,T,h,a,t, ,A,d,d, ,w,a,s, ,p,a,t,h,e,t,i,c, , , ,I, ,w,a,n,t, ,B,i,d,e,n, ,t,o, ,w,i,n, ,b,u,t, ,h,e,‚Äô,s, ,n,o,t, ,g,i,v,i,n,g, ,m,e, ,r,e,a,s,o,n, ,t,o, ,v,o,t,e, ,f,o,r, ,h,i,m
t,h,e,s,e, ,p,e,o,p,l,e, ,a,r,e, ,f,u,c,k,i,n,g, ,a,n,n,o,y,i,n,g
I, ,a,g,r,e,e, ,w,i,t,h, ,y,o,u,",", ,I, ,w,a,n,t, ,t,o, ,d,o, ,t,h,e, ,s,a,m,e, ,b,u,t, ,I,',m, ,i,n, ,F,L, ,a,n,d, ,i,t, ,b,e,i,n,g, ,s,u,c,h, ,a, ,s,w,i,n,g, ,s,t,a,t,e, ,I, ,f,e,e,l, ,l,i,k,e, ,I, ,h,a,v,e, ,t,o, ,v,o,t,e, ,f,o,r, ,B,i,d,e,n,., , ,I, ,g,e,t, ,s,o, ,m,a,d, ,j,u,s,t, ,t,h,i,n,k,i,n,g, ,a,b,o,u,t, ,i,t,",", ,h,e, ,i,s, ,n,o,t, ,t,h,e, ,b,e,s,t, ,c,a,n,d,i,d,a,t,e,",", ,h,e, ,e,f,f,i,n,g, ,s,u,c,k,s,., ,D,o,e,s,n,',t, ,s,t,a,n,d, ,f,o,r, ,m,o,s,t, ,o,f, ,w,h,a,t, ,I, ,b,e,l,i,e,v,e, ,i,n, ,o,r, ,b,e,l,i,e,v,e, ,t,h,a,t, ,n,e,e,d,s, ,t,o, ,c,h,a,n,g,e,., ,A,n,y,w,a,y, ,I, ,r,e,s,p,e,c,t, ,y,o,u,r, ,o,p,i,n,i,o,n, ,a,n,d, ,y,o,u,r, ,d,e,c,i,s,i,o,n,",", ,d,o,n,t, ,b,l,a,m,e, ,y,o,u, ,a,t, ,a,l,l,.
A,m,e,r,i,c,a, ,s,w,a,p,p,i,n,g, ,o,n,e, ,r,a,p,i,s,t, ,f,o,r, ,a,n,o,t,h,e,r,.,., ,üëç,.,., ,S,l,o,w, ,c,l,a,p, ,f,o,r, ,y,o,u,.,.,.
T,h,e, ,r,e,a,s,o,n, ,w,h,y, ,B,e,r,n,i,e, ,l,o,s,t, ,h,e, ,c,o,u,l,d,n,‚Äô,t, ,c,o,n,n,e,c,t, , ,w,h,a,t, ,r,e,a,l,l,y, ,c,o,n,c,e,r,n, ,t,h,e, ,v,o,t,e,r,s, ,a,n,d, ,b,e,l,i,v,e, ,m,e, ,t,h,e,y, ,d,i,d,n,‚Äô,t, ,c,a,r,e, ,a,b,o,u,t, ,B,e,r,n,i,e, , ,p,o,l,i,c,i,e,s, ,w,h,o, ,c,o,u,l,d, ,b,e,a,t, ,t,r,u,m,p, ,h,e, ,d,i,d,n,‚Äô,t, ,b,e,l,i,e,v,e, ,t,h,a,t, ,v,o,t,e,r,s, ,h,a,d, ,a, ,p,r,o,b,l,e,m, ,w,i,t,h, ,a, ,p,e,r,s,o,n, ,c,a,l,l,i,n,g, ,t,h,e,m,s,e,l,v,e,s, ,a, ,s,o,c,i,a,l,i,s,t, ,h,e, ,d,i,d,n,‚Äô,t, ,c,a,r,e, ,a,b,o,u,t, ,r,e,a,c,h,i,n,g, ,o,u,t, ,t,o, ,p,e,o,p,l,e, ,w,h,o, ,h,e, ,s,e,r,v,e,d, ,w,i,t,h, ,i,n, ,t,h,e, ,C,o,n,g,r,e,s,s, ,f,o,r, ,s,u,p,p,o,r,t, ,e,x,c,e,p,t, ,t,h,e, ,p,r,o,g,r,e,s,s,i,v,e,s, ,p,a,r,t, ,o,f, ,t,h,e, ,p,a,r,t,y, ,w,h,o, ,r,e,a,l,l,y, ,c,o,u,l,d,n,‚Äô,t, ,d,e,l,i,v,e,r, ,f,o,r, ,h,i,m, ,a,n,d, ,t,h,a,t, ,i,n,c,l,u,d,e,d, ,A,O,C, ,a,n,d, ,m,e,m,b,e,r,s, ,o,f, ,t,h,e, ,s,q,u,a,d, ,h,e, ,h,a,d, ,4,y,r,s, ,t,o, ,m,a,k,e, ,t,h,a,t, ,c,o,n,n,e,c,t,i,o,n, ,w,i,t,h, ,A,f,r,i,c,a,n,-,A,m,e,r,i,c,a,n, ,v,o,t,e,r,s, ,a,n,d, ,h,e, ,f,a,i,l,e,d, ,m,i,s,e,r,a,b,l,y, ,w,h,a,t, ,I, ,q,u,e,s,t,i,o,n, ,i,s, ,i,f, ,y,o,u, ,a,r,e, ,a, ,i,n,d,e,p,e,n,d,e,n,t, ,",", ,b,u,t, ,y,o,u, ,r,u,n, ,a,s, ,a, ,d,e,m,o,c,r,a,t,i,c, ,o,n,l,y, ,t,o, ,r,u,n, ,f,o,r, ,p,r,e,s,i,d,e,n,t, ,t,h,a,n, ,a,c,t, ,a,s, ,s,o,m,e,t,h,i,n,g, ,w,r,o,n,g, ,b,e,c,a,u,s,e, ,t,h,e, ,p,a,r,t,y, ,g,o,t, ,b,e,h,i,n,d, ,t,h,e, ,c,a,n,d,i,d,a,t,e, ,t,h,e,y, ,t,h,o,u,g,h,t, ,c,o,u,l,d, ,w,i,n, ,a,g,a,i,n,s,t, ,t,r,u,m,p, , ,t,h,a,n, ,y,o,u,r, ,s,u,p,p,o,r,t,e,r,s, ,a,n,d, ,y,o,u, ,s,t,a,r,t, ,t,o, ,c,o,m,e, ,u,p, ,w,i,t,h, ,T,h,e, ,c,o,n,s,p,i,r,a,c,y, ,t,h,e,o,r,i,e,s, ,t,h,e, ,D,N,C, ,s,t,o,l,e, ,i,t, , ,t,h,e, ,n,e,w,s, ,m,e,d,i,a, ,w,a,s, ,u,n,f,a,i,r, ,h,o,w, ,a,b,o,u,t, ,y,o,u,r, ,y,o,u,n,g, ,v,o,t,e,r,s, ,d,i,d,n,‚Äô,t, ,c,o,m,e, ,o,u,t, ,t,o, ,s,u,p,p,o,r,t, ,y,o,u, ,h,o,w, ,a,b,o,u,t, ,y,o,u, ,l,o,s,t, ,t,h,e, ,s,t,a,t,e,s, ,y,o,u, ,w,o,n, , ,f,o,u,r, ,y,e,a,r,s, ,a,g,o, ,a,n,d, ,h,o,w, ,a,b,o,u,t, ,y,o,u, ,j,u,s,t, ,d,i,d,n,‚Äô,t, ,l,o,s,e, ,y,o,u, ,g,o,t, ,b,l,o,w,n, ,o,u,t, ,s,o, ,y,o,u,n,g, ,p,e,o,p,l,e, ,d,o, ,w,h,a,t, ,y,o,u, ,t,h,i,n,k, ,i,s, ,b,e,s,t, ,f,o,r, ,y,o,u, ,b,u,t,., ,D,o,n,‚Äô,t, ,g,e,t, ,c,a,u,g,h,t, ,u,p, ,i,n, ,a, ,m,o,v,e,m,e,n,t, ,w,i,t,h, ,B,i,g, ,i,d,e,a,l,s, ,f,e,e,l, ,g,o,o,d, ,S,o,l,u,t,i,o,n,s, ,b,u,t, ,n,o, ,r,e,a,l, ,s,u,b,s,t,a,n,c,e, , ,&, ,l,i,t,t,l,e, ,a,c,t,i,o,n, ,s,m,d,h
N,o,t, ,o,n,e, ,w,o,r,d, ,a,b,o,u,t, ,p,o,l,i,c,y,., , , , , ,N,o,t, , , ,o,n,e,.
T,h,e,r,e,',s, ,a,n,o,t,h,e,r, ,o,n,e, ,f,o,r, ,K,y,l,e, ,o,u,t, ,o,f, ,c,o,n,t,e,x,t
‚Äú,S,i,d,e,s,?, ,I, ,a,m, ,o,n, ,n,o,b,o,d,y,‚Äô,s, ,s,i,d,e, ,b,e,c,a,u,s,e, ,n,o,b,o,d,y, ,i,s, ,o,n, ,m,y, ,s,i,d,e,.,‚Äù, ,T,r,e,e,b,e,a,r,d
Y,e,s,",", ,i,r,r,i,t,a,t,i,n,g,., ,B,u,t, ,I, ,w,o,u,l,d, ,c,o,n,s,i,d,e,r, ,t,h,i,s, ,a,r,g,u,m,e,n,t,:, ,h,t,t,p,s,:,/,/,b,i,o,n,e,e,r,s,.,o,r,g,/,a,-,p,l,e,a,-,u,t,o,p,i,a,n,-,a,s,p,i,r,a,t,i,o,n,s,-,v,s,-,a,v,o,i,d,i,n,g,-,c,a,t,a,s,t,r,o,p,h,e,-,z,p,0,z,2,0,0,4,/
h,o,r,r,i,b,l,e, ,a,d
i, ,t,h,i,n,k, ,t,h,a,t, ,t,h,e, ,g,u,y, ,t,h,a,t, ,d,o,e,s, ,c,a,m,p,u,s, ,o,r,g,a,n,i,z,i,n,g,",", ,i,s, ,o,n,l,y, ,i,n, ,t,h,i,s, ,v,i,d,e,o, ,b,e,c,a,u,s,e, ,h,e, ,w,a,n,t,s, ,t,o, ,b,e, ,a, ,s,t,a,f,f,e,r, ,a,n,d, ,t,h,a,t, ,w,a,s, ,p,r,o,b,a,b,l,y, ,h,i,s, ,p,r,i,c,e,., ,t,o, ,b,e, ,i,n, ,a,n, ,a,d,.
L,m,f,a,o,o,o,o,o,o,o, ,t,h,i,s, ,w,a,s, ,o,n,e, ,o,f, ,t,h,e, ,s,a,d,d,e,s,t, ,s,h,i,t, ,I, ,e,v,e,r, ,s,a,w, ,",", ,z,e,r,o, ,p,o,l,i,c,y, ,w,a,s, ,s,a,i,d, ,w,o,w,., ,A,t, ,l,e,a,s,t, ,y,o,u, ,h,e,a,r, ,t,h,e, ,w,a,l,l, ,a,n,d, ,o,t,h,e,r, ,b,s, ,f,r,o,m, ,y,o,u,n,g,e,r, ,t,r,u,m,p, ,s,u,p,p,o,r,t,e,r,s, ,b,u,t, ,t,h,e,s,e, ,c,e,n,t,r,i,s,t, ,s,e,l,l, ,o,u,t,s, ,a,r,e, ,a, ,f,u,c,k,i,n,g, ,j,o,k,e
S,t,o,p, ,w,i,t,h, ,t,h,e, ,l,e,s,s,e,r, ,o,f, ,t,w,o, ,e,v,i,l,s, ,b,u,l,l, ,c,r,a,p, ,i,t, ,h,a,s,n,‚Äô,t, ,w,o,r,k,e,d, ,i,n, ,a, ,e,i,t,h,e,r, ,p,a,r,t,y, ,f,a,v,o,r,., ,H,e,r,e,‚Äô,s, ,w,h,y, ,R,e,p,u,b,l,i,c,a,n,s, ,H,o,w, ,t,o, ,r,e,s,o,r,t, ,t,o, ,d,i,r,t,y, ,c,h,e,a,t,i,n,g, ,t,a,c,t,i,c,s, ,a,n,d, ,v,o,t,e,r, ,s,u,p,p,r,e,s,s,i,o,n, ,o,h, ,w,a,i,t, ,s,o, ,d,o, ,t,h,e, ,D,e,m,o,c,r,a,t,s,., ,L,e,s,s,e,r, ,o,f, ,t,w,o, ,e,v,i,l,s, ,t,h,i,n,g, ,i,s, ,j,u,s,t, ,b,o,g,u,s,.
#,D,r,o,p,p,e,d,O,u,t,J,o,e
I, ,h,a,t,e, ,t,o, ,b,u,r,s,t, ,y,o,u,r, ,b,u,b,b,l,e, ,b,u,t, ,t,h,a,t, ,w,a,s, ,t,h,e, ,p,r,i,m,a,r,y, ,w,e,‚Äô,r,e, ,h,e,r,e, ,i,n, ,t,h,e, ,g,e,n,e,r,a,l, ,e,l,e,c,t,i,o,n, ,n,o,w, ,t,h,i,n,g,s, ,a,r,e, ,v,e,r,y, ,d,i,f,f,e,r,e,n,t,., ,T,h,e,r,e,‚Äô,s, ,n,o, ,p,o,s,s,i,b,l,e, ,i,t,‚Äô,s, ,e,i,t,h,e,r, ,a,l,l, ,i,n, ,o,r, ,a,l,l, ,o,u,t,., ,S,o, ,s,t,o,p, ,k,i,d,d,i,n,g, ,y,o,u,r,s,e,l,f, ,a,n,d, ,t,e,l,l, ,y,o,u,n,g, ,p,e,o,p,l,e, ,a,n,d, ,p,r,o,g,r,e,s,s,i,v,e, ,t,h,e,y, ,h,a,v,e, ,t,h,e, ,p,o,w,e,r, ,t,o, ,f,i,g,h,t, ,b,a,c,k,., ,S,t,o,p, ,b,u,l,l,s,h,i,t, ,a,n,d, ,y,o,u,r, ,v,i,e,w,e,r,s,.
T,h,i,s, ,i,s, ,t,o,t,a,l,l,y, ,g,o,i,n,g, ,t,o, ,b,a,c,k,f,i,r,e, ,o,n, ,h,i,s, ,c,a,m,p,a,i,g,n,., ,B,e,c,a,u,s,e, ,n,o, ,r,e,a,s,o,n,a,b,l,e, ,s,m,a,r,t, ,y,o,u,n,g, ,p,e,r,s,o,n, ,i,s, ,g,o,i,n,g, ,t,o, ,b,u,y, ,t,h,a,t,., ,B,e,c,a,u,s,e, ,r,e,m,e,m,b,e,r, ,r,e,a,s,o,n,a,b,l,e, ,p,e,o,p,l,e, ,g,e,t, ,t,h,e,i,r, ,n,e,w,s, ,f,r,o,m, ,t,h,e, ,I,n,t,e,r,n,e,t,.
M,y, ,b,i,g,g,e,s,t, ,q,u,e,s,t,i,o,n, ,o,n, ,t,h,i,s, ,o,n,e, ,i,s, ,h,o,w, ,m,u,c,h, ,d,i,d, ,t,h,e,y, ,g,e,t, ,p,a,i,d,., ,t,h,e,i,r, ,a,n,s,w,e,r,s, ,w,e,r,e, ,s,t,i,l,l, ,a,w,k,w,a,r,d, ,a,n,d, ,n,o,t, ,g,e,n,u,i,n,e, ,A,n,d, ,r,e,h,e,a,r,s,e,d,., ,B,e,c,a,u,s,e, ,t,h,a,t, ,w,a,s, ,n,o,t, ,n,a,t,u,r,a,l, ,o,r, ,g,e,n,u,i,n,e,.
K,y,l,e,',s, ,l,a,u,g,h, ,i,s, ,h,o,w, ,B,i,d,e,n, ,s,u,p,p,o,r,t,e,r,s, ,a,c,t,u,a,l,l,y, ,r,e,a,c,t,e,d, ,t,o, ,t,h,a,t, ,a,d,.,"
",#,B,l,u,e,M,A,G,A
H,o,w, ,i,s, ,i,t, ,w,r,o,n,g,?, ,T,h,a,t,‚Äô,s, ,h,o,w, ,t,h,e, ,w,o,r,l,d, ,w,o,r,k,s,., ,T,h,e,y, ,d,o,n,‚Äô,t, ,h,a,v,e, ,t,o, ,c,a,r,e, ,w,h,e,n, ,t,h,e, ,m,a,j,o,r,i,t,y, ,d,o,e,s,n,‚Äô,t, ,c,a,r,e,., ,L,o,o,k, ,t,o, ,y,o,u,r, ,n,e,i,g,h,b,o,r,s, ,w,h,o, ,k,e,e,p, ,f,a,i,l,i,n,g, ,y,o,u,., ,T,h,e, ,l,a,m,e, ,p,o,l,i,t,i,c,i,a,n,s, ,a,r,e, ,g,o,i,n,g, ,t,o, ,j,u,s,t, ,f,o,l,l,o,w, ,w,h,a,t, ,t,h,e,i,r, ,m,a,j,o,r,i,t,y, ,w,a,n,t,s, ,o,f, ,t,h,e,m,., ,Y,o,u,n,g, ,p,e,o,p,l,e, ,d,o,n,‚Äô,t, ,v,o,t,e,., ,W,e, ,d,o,n,‚Äô,t, ,v,o,t,e,",", ,w,e, ,d,o,n,‚Äô,t, ,m,a,t,t,e,r,., ,T,h,a,t,‚Äô,s, ,h,o,w, ,i,t, ,w,o,r,k,s,.
1,:,3,4, ,K,y,l,e, ,l,o,s,t, ,i,t
I,t, ,i,s, ,a, ,c,h,a,n,g,e, ,f,r,o,m,",", ,T,r,u,m,p, ,i,s, ,b,a,d,",", ,v,o,t,e, ,f,o,r, ,m,e,.,"
",S,t,i,l,l, ,n,o, ,p,o,l,i,c,y,.
W,h,a,t,e,v,e,r, ,y,o,u, ,c,a,n, ,s,a,y, ,a,b,o,u,t, ,B,i,d,e,n,",", ,t,r,u,m,p, ,h,a,s, ,d,o,n,e, ,i,t,",", ,m,o,r,e, ,a,n,d, ,w,o,r,s,e,.
I, ,m,i,s,s,e,d, ,y,o,u,r, ,f,a,c,e,",", ,l,o,n,g, ,t,o, ,n,o, ,s,e,e,!
Y,o, ,h,o,o,k, ,m,e, ,u,p, ,w,i,t,h, ,t,h,e,i,r, ,p,h,o,n,e, ,n,u,m,b,e,r,s, ,I,‚Äô,m, ,t,r,y,i,n, ,t,o, ,s,e,e, ,i,f, ,t,h,e,i,r, ,p,a,r,e,n,t,s, ,c,a,n, ,p,a,y, ,m,y, ,b,i,l,l,s, ,t,o,o,.
u,p,v,o,t,e,d, ,f,o,r, ,t,h,e, ,l,u,l,s
l,i,k,e,",", ,l,i,k,e,",", ,l,i,k,e, ,l,i,k,e, ,l,i,k,e,",", ,l,i,k,e,",", ,l,i,k,e, ,l,i,k,e,",", ,l,i,k,e,l,i,k,e,l,i,k,e,l,i,k,e,l,i,k,e,l,i,k,e,.,.,.,g,o,d,d,a,m,n,!
T,h,a,t, ,h,a,s, ,t,o, ,b,e, ,t,h,e, ,w,o,r,s,t, ,c,a,m,p,a,i,g,n, ,a,d,d, ,e,v,e,r
I,t, ,w,a,s, ,g,r,e,a,t, ,u,n,t,i,l, ,t,h,e,y, ,s,a,i,d, ,"""",W,e, ,l,o,v,e, ,t,h,e, ,O,b,a,m,a,/,B,i,d,e,n, ,m,e,m,e,s,!,"""", , ,T,h,a,t,',s, ,j,u,s,t, ,s,i,l,l,y, ,a,s, ,i,t, ,s,a,y,s, ,n,o,t,h,i,n,g, ,a,b,o,u,t, ,h,i,s, ,p,o,l,i,c,i,e,s, ,a,n,d, ,w,h,y, ,t,h,e,y, ,s,h,o,u,l,d, ,v,o,t,e, ,f,o,r, ,h,i,m,.
W,o,w, ,l,a,m,e,.
I, ,h,a,d, ,t,o, ,s,k,i,p, ,a,h,e,a,d,.
S,c,a,r,y, ,f,u,c,k,i,n,g, ,t,i,m,e,s,.,.,.
T,h,a,n,k, ,t,h,e, ,D,e,m,o,c,r,a,t,s, ,f,o,r, ,4, ,m,o,r,e, ,y,e,a,r,s, ,o,f, ,T,r,u,m,p,.,.
I, ,p,r,e,f,e,r, ,B,i,d,e,n, ,o,v,e,r, ,B,e,r,n,i,e,.
M,a,l,a,r,k,e,y, ,d,e,t,e,c,t,e,d,.,"
","
",L,i,k,e,",", ,c,o,u,l,d,n,‚Äô,t, ,h,i,s, ,c,a,m,p,a,i,g,n, ,a,t, ,l,e,a,s,t, ,t,r,y, ,t,o, ,o,u,t,l,i,n,e, ,s,o,m,e, ,p,o,l,i,c,y, ,o,n, ,w,h,a,t,e,v,e,r, ,c,o,l,l,e,g,e, ,p,l,a,n, ,h,e, ,t,o,o,k, ,o,n,?, ,O,r, ,m,a,y,b,e, ,a, ,m,i,n,i,m,u,m, ,w,a,g,e, ,h,i,k,e, ,p,u,s,h,?, ,S,o,m,e,t,h,i,n,g,",", ,a,n,y,t,h,i,n,g,.
"""",I, ,l,i,k,e, ,j,o,e, ,b,i,d,e,n,",", ,c,a,u,s,e, ,I, ,g,o,t, ,b,i,l,l,s, ,t,o, ,p,a,y, ,a,n,d, ,l,i,k,e, ,f,o,o,d, ,t,o, ,e,a,t,., ,V,o,t,e, ,j,o,e, ,a,n,d, ,h,e,l,p, ,m,e, ,g,e,t, ,p,a,i,d,.,"""","
",/,s,a,r,c,a,s,m
L,i,k,e, ,o,h, ,m,y, ,g,o,s,h, ,l,i,k,e, ,h,e,y,!, ,I,t,',s, ,t,h,e, ,S,e,n,a,t,o,r, ,f,r,o,m, ,M,B,N,A,!, ,I, ,t,h,i,n,k, ,i,f, ,t,h,e,y, ,a,d,d, ,i,n, ,a, ,',w,0,0,t,', ,t,h,e,n, ,h,e,',l,l, ,h,a,v,e, ,i,t, ,l,o,c,k,e,d, ,u,p,.
H,e, ,w,i,l,l, ,n,e,v,e,r, ,w,i,n, ,!
W,h,a,t, ,t,h,e, ,h,e,l,l, ,s,e,n,d, ,t,h,e,m, ,t,o, ,b,o,o,t, ,c,a,m,p, ,m,a,k,e, ,t,h,e,s,e, ,s,o,f,t, ,n,e,r,d,s, ,i,n,t,o, ,m,e,n, ,!
A,r,e, ,t,h,e,y, ,m,e,n, ,(, ,O,M,G, ,), ,I, ,h,o,p,e, ,w,e, ,d,o,n,t, ,g,e,t, ,i,n,t,o, ,w,a,r, ,/,/, ,s,e,c,o,n,d, ,t,h,e,r,e, ,t,o, ,y,o,u,n,g, ,t,o, ,k,n,o,w, ,J,o,e, ,p,o,p,c,o,r,n, ,!
I, ,f,e,e,l, ,y,o,u,',r,e, ,s,t,i,l,l, ,t,o,o, ,k,i,n,d, ,t,o, ,B,i,d,e,n,.,.,.
o,m,f,g, ,I, ,k,n,o,w, ,p,e,o,p,l,e, ,w,h,o, ,w,e,r,e, ,i,n, ,t,h,a,t, ,a,d,., ,I,',m, ,c,r,i,n,g,i,n,g, ,s,o, ,m,u,c,h
T,h,a,t, ,J,o,k,e,r, ,L,a,u,g,h, ,a,t, ,t,h,e, ,b,e,g,i,n,n,i,n,g, ,b,y, ,K,y,l,e, ,w,a,s, ,o,n,e, ,o,f, ,t,h,e, ,m,o,s,t, ,a,m,a,z,i,n,g, ,m,o,m,e,n,t,s, ,I,‚Äô,v,e, ,e,v,e,r, ,s,e,e,n, ,o,n, ,Y,o,u,T,u,b,e,.
T,h,e,s,e, ,a,c,t,o,r,s, ,s,e,e,m, ,l,i,k,e, ,v,e,r,y, ,d,e,s,p,e,r,a,t,e, ,t,o, ,e,a,r,n, ,a, ,b,u,c,k,., ,I,f, ,B,i,d,e,n, ,w,i,n,s, ,t,h,e, ,g,e,n,e,r,a,l, ,e,l,e,c,t,i,o,n, ,i,t, ,w,i,l,l, ,s,h,o,w, ,t,h,e, ,p,o,w,e,r, ,o,f, ,a,d,v,e,r,t,i,s,i,n,g,., ,A,m,e,r,i,c,a,n,s, ,c,a,n, ,b,e, ,p,e,r,s,u,a,d,e,d, ,t,o, ,v,o,t,e, ,f,o,r, ,a,n,y, ,b,a,g, ,o,f, ,s,n,a,k,e,s, ,-, ,T,r,u,m,p, ,o,r, ,B,i,d,e,n,.
T,h,a,n,k, ,y,o,u, ,f,o,r, ,m,a,k,i,n,g, ,t,h,a,t, ,s,o,u,n,d,., ,I, ,n,e,e,d,e,d, ,t,o, ,h,e,a,r, ,i,t,.
I, ,h,a,d, ,t,h,e, ,s,a,m,e, ,r,e,a,c,t,i,o,n, ,K,y,l,e, ,h,a,d,., ,I, ,c,a,n,',t, ,w,i,t,h, ,t,h,e,s,e, ,a,d,s,.
K,y,l,e,‚Äô,s, ,j,o,k,e,r, ,m,o,m,e,n,t,., ,üëç
1,:,3,0, ,J,o,k,e,r, ,2,0,1,9
L,m,f,a,o,o,o,o,o,o, ,s,o, ,o,u,t, ,o,f, ,t,o,u,c,h
G,o,d,",", ,y,o,u,',r,e, ,r,i,g,h,t,., ,T,h,a,t, ,r,e,a,l,l,y, ,i,s, ,a, ,t,e,r,r,i,b,l,e, ,a,d,.
K,y,l,e, ,w,o,r,k,i,n,g, ,f,o,r, ,T,r,u,m,p, ,n,o,w,.
W,h,a,t, ,a, ,f,u,c,k,i,n,g, ,m,u,m,m,e,r,y,.,.,.,., ,S,i,m,p,l,y, ,r,e,v,o,l,t,i,n,g,.,.,., ,üñï
P,l,e,a,s,e, ,d,o,n,',t, ,l,a,u,g,h, ,a,n,y,m,o,r,e
O,n,l,y, ,o,n,e, ,w,o,m,a,n, ,a,n,d, ,m,i,n,o,r,i,t,y,",", ,a,n,d, ,t,h,e,y, ,w,e,r,e, ,t,h,e, ,s,a,m,e, ,p,e,r,s,o,n,., ,T,h,a,t,‚Äô,s, ,s,a,d,., ,S,o, ,w,h,i,t,e, ,m,a,l,e,s, ,a,r,e, ,b,e,h,i,n,d, ,y,o,u,.
T,r,u,m,p, ,o,r, ,B,i,d,e,n,.,.,., ,W,T,F
W,a,i,t,., ,D,e,s,p,i,t,e, ,h,o,w, ,c,r,i,n,g,e,-,w,o,r,t,h,y, ,t,h,a,t, ,l,a,s,t, ,p,a,r,t, ,o,f, ,t,h,e, ,a,d, ,w,a,s,.,.,., ,I,',m, ,j,u,s,t, ,l,e,f,t, ,t,h,i,n,k,i,n,g, ,"""",H,u,h,?, ,W,h,a,t, ,J,o,e, ,B,i,d,e,n, ,m,e,m,e,s,?,"""", ,I,',v,e, ,n,e,v,e,r, ,s,e,e,n, ,a,n, ,u,n,-,i,r,o,n,i,c, ,B,i,d,e,n, ,m,e,m,e, ,e,v,e,r
.,.,.,.,h,o,w,d,u,m,b,i,s,t,h,a,t
P,O,K,E,M,O,N, ,G,O, ,.,.,., ,t,o, ,t,h,e, ,p,o,l,l,s,!
n,i,c,e, ,a,d,.,., ,e,v,e,r,y,t,i,m,e, ,i, ,w,a,t,c,h, ,s,h,i,t, ,l,i,k,e, ,t,h,i,s, ,i, ,g,e,t, ,m,o,r,e, ,c,o,n,v,i,n,c,e,d, ,t,h,e, ,f,u,t,u,r,e, ,i,s, ,l,o,s,t
B,e,s,t, ,P,R, ,m,o,v,e, ,f,o,r, ,h,i,m, ,i,s, ,t,o, ,s,t,a,y, ,s,i,l,e,n,t, ,a,n,d, ,h,i,d,e, ,s,o,m,e,w,h,e,r,e,., ,H,e,',s, ,l,i,k,e, ,H,i,l,l,a,r,y, ,C,l,i,n,t,o,n,., ,T,h,e, ,m,o,r,e, ,h,e, ,g,o,e,s, ,o,u,t,",", ,t,h,e, ,w,o,r,s,e, ,h,e, ,s,e,e,m,s,.
O,k, ,d,u,d,e,., ,I, ,a,g,r,e,e, ,w,i,t,h, ,y,o,u,., ,W,e, ,a,l,l, ,a,g,r,e,e, ,w,i,t,h, ,y,o,u,., ,B,i,d,e,n, ,s,u,c,k,s,., ,I,t,s, ,u,n,i,v,e,r,s,a,l,l,y, ,a,c,c,e,p,t,e,d,., ,B,u,t, ,t,r,u,m,p, ,i,s, ,e,x,p,o,n,e,n,t,i,a,l,l,y, ,w,o,r,s,e, ,a,n,d, ,t,h,e, ,o,n,l,y, ,t,h,i,n,g, ,I, ,c,a,n, ,t,h,i,n,k, ,o,f, ,t,h,a,t,',s, ,w,o,r,s,e, ,t,h,a,n, ,b,i,d,e,n, ,i,s, ,t,h,e, ,a,f,f,i,r,m,a,t,i,o,n, ,o,f, ,t,h,e, ,l,a,s,t, ,4, ,y,e,a,r,s, ,w,i,t,h, ,4, ,m,o,r,e,.
H,e,',s, ,s,t,i,l,l, ,g,o,i,n,g, ,w,i,t,h, ,t,h,e, ,c,r,e,e,p,y, ,u,n,c,l,e, ,t,h,i,n,g, ,e,v,e,n, ,a,f,t,e,r, ,h,e,',s, ,b,e,e,n, ,c,a,u,g,h,t,., ,K,i,n,d,a, ,p,r,e,d,i,c,t,a,b,l,e, ,h,o,n,e,s,t,l,y,., ,H,e, ,i,s, ,D,e,m,o,c,r,a,t, ,a,n,d, ,t,h,e,y, ,t,r,y, ,a,n,d, ,s,h,o,o,t, ,t,h,e,m,s,e,l,v,e,s, ,i,n, ,t,h,e, ,f,o,o,t, ,a,s, ,m,u,c,h, ,a,s, ,p,o,s,s,i,b,l,e,.
O,h,h,h,h,h,h, ,",", ,A,m,e,r,i,c,a, ,u, ,g,u,y,s, ,a,r,e, ,i,n, ,d,e,e,p, ,s,h,i,t,., ,W,T,F, ,w,a,s, ,t,h,a,t, ,a,d,d,.
T,r,u,m,p, ,h,a,s, ,a, ,g,o,o,d, ,c,h,a,n,c,e, ,t,o, ,g,e,t, ,r,e,-,e,l,e,c,t,e,d,:,"
",-, ,h,e, ,i,s, ,a, ,b,e,t,t,e,r, ,s,p,e,a,k,e,r,"
",-, ,w,h,e,n, ,i,t, ,c,o,m,e,s, ,t,o, ,s,o,c,i,a,l, ,i,s,s,u,e,s, ,i,s, ,m,o,r,e, ,i,n, ,t,h,e, ,l,e,f,t, ,t,h,a,n, ,B,i,d,e,n,"
",-, ,h,i,s, ,t,r,a,c,k, ,r,e,c,o,r,d, ,i,s, ,w,h,e,n, ,i,t, ,c,o,m,e,s, ,t,o, ,w,a,r,s, ,a,n,d, ,d,e,-,r,e,g,u,l,a,t,i,o,n,s, ,(,f,o,r, ,k,n,o,w,), ,b,e,t,t,e,r, ,t,h,a,n, ,B,i,d,e,n,`,s
G,e,n,e,r,a,t,i,o,n, ,t,r,a,i,t,o,r,s
W,o,w,.,.,., ,s,o, ,b,l,o,o,d,y, ,v,a,p,i,d,.,.,.
h,o,l,y, ,F,U,C,K, ,i,v,e, ,n,e,v,e,r, ,c,r,i,n,g,e,d, ,s,o, ,h,a,r,d, ,i,n, ,m,y, ,l,i,f,e
P,e,o,p,l,e, ,a,r,e,n,',t, ,t,h,a,t, ,s,t,u,p,i,d, ,a,n,y,m,o,r,e,",", ,J,o,e,.
L,A,M,E
C,a,n, ,t,h,e,y, ,s,t,o,p, ,d,o,i,n,g, ,t,h,i,s, ,m,y, ,c,r,i,n,g,e, ,m,e,t,e,r, ,j,u,s,t, ,w,e,n,t, ,s,o, ,f,a,r, ,o,f,f, ,s,c,a,l,e, ,i,t, ,w,i,l,l, ,n,e,e,d, ,t,o, ,b,e, ,r,e,-,c,a,l,i,b,r,a,t,e,d,., ,"
","
",T,h,e,r,e, ,a,r,e, ,p,a,r,t,s, ,o,f, ,i,n,t,e,r,s,t,e,l,l,a,r, ,s,p,a,c,e, ,w,i,t,h, ,m,o,r,e, ,s,u,b,s,t,a,n,c,e, ,t,h,a,t, ,t,h,i,s, ,s,h,i,t,.,"
",T,h,i,s, ,i,s, ,N,O,T, ,F,U,N,N,Y, ,a,n,y,m,o,r,e,., ,T,h,e, ,w,o,r,l,d, ,h,a,s, ,s,e,r,i,o,u,s, ,i,s,s,u,e,s, ,-, ,a,f,t,e,r, ,t,h,e, ,v,i,r,u,s, ,w,e, ,s,t,i,l,l, ,h,a,v,e, ,c,l,i,m,a,t,e,",", ,e,n,e,r,g,y,",", ,w,a,t,e,r,",", ,e,d,u,c,a,t,i,o,n, ,a,n,d, ,a, ,h,o,s,t, ,o,f, ,o,t,h,e,r, ,s,e,r,i,o,u,s, ,i,s,s,u,e,s, ,t,o, ,d,e,a,l, ,w,i,t,h,., ,W,e, ,c,a,n,',t, ,e,v,e,n, ,s,t,a,r,t, ,a,n,y, ,o,f, ,t,h,e,s,e, ,d,i,s,c,u,s,s,i,o,n,s, ,w,i,t,h, ,i,d,i,o,c,y, ,l,i,k,e, ,t,h,i,s,., ,T,r,u,m,p, ,u,s, ,a, ,d,i,s,a,s,t,e,r, ,o,f, ,e,p,i,c, ,p,r,o,p,o,r,t,i,o,n,s,",", ,b,u,t, ,B,i,d,e,n, ,i,s, ,*,N,O,T, ,T,H,E, ,S,O,L,U,T,I,O,N,.,*
i, ,d,i,d,n,',t, ,k,n,o,w, ,t,o,d,d,l,e,r,s, ,c,o,u,l,d, ,v,o,t,e, ,i,n, ,t,h,e, ,U,S,., ,"
",G,o,o,d, ,t,o, ,k,n,o,w, ,t,h,e,y, ,d,i,d,n,',t, ,f,o,r,g,e,t, ,a,b,o,u,t, ,t,h,i,s, ,i,m,p,o,r,t,a,n,t, ,d,e,m,o,g,r,a,p,h,i,c, ,w,i,t,h, ,t,h,i,s, ,a,d,d,.
T,h,e,y,',v,e, ,s,o, ,g,o,t, ,t,h,e,i,r, ,f,i,n,g,e,r, ,o,n, ,t,h,e, ,p,u,l,s,e,., ,T,h,e,y,',r,e, ,a,s, ,o,n, ,t,o,p, ,o,f, ,t,h,i,n,g,s, ,t,h,e, ,C,l,i,n,t,o,n, ,c,a,m,p,a,i,g,n,., ,T,h,e,y,',v,e, ,s,o, ,g,o,t, ,t,h,i,s, ,g,u,y,s,.
T,h,i,s, ,i,s, ,w,h,y, ,y,o,u,n,g, ,p,e,o,p,l,e, ,v,o,t,e, ,D,e,m,o,c,r,a,t,.,.,., ,n,o, ,a,c,t,u,a,l, ,s,u,b,s,t,a,n,c,e, ,t,h,e,r,e,., ,J,u,s,t, ,s,u,r,f,a,c,e,.
C,a,n, ,a,n,y,o,n,e, ,p,o,i,n,t, ,t,o, ,s,o,m,e,o,n,e, ,w,h,o, ,i,s, ,F,O,R, ,J,o,e, ,B,i,d,e,n,?, ,I, ,c,a,n,',t, ,s,e,e,m, ,t,o, ,f,i,n,d, ,a, ,c,o,m,m,e,n,t, ,s,u,p,p,o,r,t,i,n,g, ,h,i,m, ,o,n, ,Y,o,u,T,u,b,e,., ,A,l,o,t, ,o,f, ,B,e,r,n,i,e, ,a,n,g,e,r, ,b,u,t, ,n,o, ,B,i,d,e,n, ,s,u,p,p,o,r,t,"
",.
I,t,',s, ,l,i,k,e, ,t,h,a,t, ,m,e,m,e, ,o,f, ,S,t,e,v,e, ,B,u,s,c,e,m,i, ,"""",H,e,l,l,o, ,f,e,l,l,o,w, ,k,i,d,s,!,"""", ,"
","
",W,h,e,n, ,t,h,i,s, ,a,d, ,s,a,y,s, ,"""",O,h, ,y,e,a,h, ,I, ,w,a,s, ,j,u,s,t, ,s,t,a,n,d,i,n,g, ,t,h,e,r,e, ,o,n, ,m,y, ,p,h,o,n,e,.,.,.,"""", ,t,h,e, ,p,e,o,p,l,e, ,w,h,o, ,m,a,d,e, ,t,h,i,s, ,a,d, ,p,r,o,b,a,b,l,y, ,w,r,o,t,e, ,t,h,a,t, ,l,i,n,e, ,a,n,d, ,s,a,i,d, ,"""",y,e,a,h,",", ,k,i,d,s, ,c,a,n, ,r,e,l,a,t,e, ,t,o, ,t,h,a,t, ,o,n,e,""""
T,h,o,s,e, ,i,d,i,o,t,s, ,s,a,y, ,"""",l,i,k,e,"""", ,w,a,a,a,a,a,y, ,t,o,o, ,m,u,c,h,.
T,h,a,t, ,w,a,s, ,t,h,e, ,c,r,i,n,g,i,e,s,t, ,t,h,i,n,g, ,I,',v,e, ,e,v,e,r, ,s,e,e,n,.
1,:,2,7, ,i,s, ,a, ,g,o,l,d, ,K,y,l,e, ,O,u,t, ,o,f, ,C,o,n,t,e,x,t, ,m,o,m,e,n,t
A,l,s,o, ,w,o,w, ,t,h,e,y, ,a,r,e, ,s,h,o,w,i,n,g, ,y,o,u,n,g, ,v,o,t,e,r,s, ,a,s, ,D,U,M,B, ,"""",I, ,s,u,p,p,o,r,t, ,J,o,e, ,B,i,d,e,n, ,b,e,c,a,u,s,e, ,o,f, ,t,h,e, ,O,b,a,m,a,-,B,i,d,e,n, ,m,e,m,e,s,"""", ,W,t,f,f,f,f,f
T,h,e, ,q,u,e,s,t,i,o,n, ,i,s,",", ,i,s, ,B,i,d,e,n, ,b,e,t,t,e,r, ,o,n, ,n,u,c,l,e,a,r,?, ,T,h,i,s, ,i,s, ,t,h,e, ,r,e,a,l, ,q,u,e,s,t,i,o,n,",", ,n,o,t, ,i,f, ,B,i,d,e,n, ,i,s, ,b,e,t,t,e,r, ,o,n, ,"""",c,l,i,m,a,t,e, ,c,h,a,n,g,e,"""",., ,I,f, ,h,e, ,i,s,n,',t, ,b,e,t,t,e,r, ,o,n, ,n,u,c,l,e,a,r, ,t,h,a,n, ,T,r,u,m,p, ,h,e, ,i,s, ,o,b,j,e,c,t,i,v,e,l,y, ,w,o,r,s,e, ,t,h,a,n, ,T,u,m,p, ,o,n, ,c,l,i,m,a,t,e, ,c,h,a,n,g,e,.
W,h,a,t, ,I, ,d,o,n,',t, ,g,e,t, ,i,s, ,w,h,y, ,t,h,e,y, ,w,a,s,t,e, ,m,o,n,e,y, ,o,n, ,t,h,e, ,a,d,s,",", ,s,y,m,b,o,l,i,s,m,?, ,I,t, ,c,a,n,',t, ,p,o,s,s,i,b,l,y, ,b,e, ,b,e,c,a,u,s,e, ,t,h,e,y, ,t,h,i,n,k, ,t,h,e,y, ,h,a,v,e, ,a, ,c,h,a,n,c,e, ,t,o, ,w,i,n, ,l,o,l,.
I, ,c,a,n, ,s,e,e, ,w,h,a,t, ,t,h,e,y, ,t,r,y, ,t,o, ,r,e,i,m,a,g,e, ,h,i,m, ,t,o,",", ,b,u,t, ,i,t,',s, ,r,i,d,i,c,u,l,o,u,s, ,i,f, ,y,o,u, ,e,v,e,n, ,k,n,o,w, ,a, ,l,i,t,t,l,e, ,o,f, ,h,i,s, ,p,l,a,t,f,o,r,m,., ,A,n,d, ,n,o, ,p,o,l,i,c,i,e,s, ,a,s, ,u,s,u,a,l,.,.,.
I, ,l,o,v,e,d, ,t,h,e, ,a,d, ,c,u,t,t,i,n,g, ,s,t,r,a,i,g,h,t, ,t,o, ,K,y,l,e, ,l,a,u,g,h,i,n,g
T,h,i,s, ,i,s, ,i,d,o,l, ,w,o,r,s,h,i,p,., ,F,u,c,k,i,n,g, ,a,t,r,o,c,i,o,u,s,.
H,o,w, ,i,s, ,B,i,d,e,n, ,b,e,t,t,e,r, ,o,n, ,C,l,i,m,a,t,e, ,c,h,a,n,g,e,?, ,S,u,r,e,",", ,h,e, ,a,g,r,e,e,s, ,i,t, ,e,x,i,s,t,s, ,b,u,t, ,i,n,a,c,t,i,o,n, ,i,s, ,w,o,r,s,e, ,t,h,a,n, ,d,e,n,i,a,l,.
T,h,e, ,f,a,k,e, ,l,a,u,g,h,t,e,r, ,l,e,g,i,t, ,m,a,d,e, ,m,e, ,c,r,a,c,k, ,u,p,!, ,T,h,a,n,k,s, ,K,y,l,e, ,I, ,n,e,e,d,e,d, ,s,o,m,e,t,h,i,n,g, ,t,o, ,l,a,u,g,h, ,a,t,.
J,i,m,m,y, ,D,o,r,e, ,s,a,i,d, ,T,h,e, ,Y,o,u,n,g, ,T,u,r,k,s, ,a,r,e, ,a,c,t,u,a,l,l,y, ,t,h,e,r,e, ,t,o, ,u,n,d,e,r,m,i,n,e, ,t,h,e, ,l,e,f,t, ,., ,I,m, ,g,l,a,d, ,s,o,m,e,o,n,e, ,e,l,s,e, ,s,e,e,s, ,i,t, ,., ,N,o,t, ,t,a,l,k,i,n,g, ,a,b,o,u,t, ,y,o,u, ,K,y,l,e
l,e,t, ,t,h,e,m, ,e,a,t, ,c,a,k,e
$,2,4,",",0,0,0,",",0,0, ,f,r,e,e,z,e,r,s,",",a,n,d, ,t,o, ,t,h,i,n,k, ,s,o,m,e, ,p,e,o,p,l,e, ,l,i,t,e,r,a,l,l,y, ,d,o,n,',t, ,h,a,v,e, ,2,4, ,c,e,n,t,s,.,s,o,r,r,y, ,b,i,t,c,h,.,.,.,.,.,.,.,.,.,.
P,e,p,p,e,r,i,d,g,e, ,f,a,r,m,s, ,r,e,m,e,m,b,e,r,s
T,h,e, ,G,O,P, ,d,o,n,',t, ,h,a,v,e, ,f,o,l,k,s, ,l,i,k,e, ,K,y,l,e, ,o,n, ,t,h,e,r,e, ,s,i,d,e, ,t,o, ,a,t,t,a,c,k, ,t,h,e,m, ,a,l,s,o, ,t,h,e,r,e, ,l,e,a,d,e,r, ,h,a,s, ,g,o,l,d, ,t,h,r,o,n,e,s, ,a,n,d, ,g,e,t,s, ,a, ,p,a,s,s, ,"
",A,l,s,o, ,t,h,e, ,s,t,u,f,f, ,t,h,a,t, ,i,s, ,h,a,r,d, ,t,o, ,c,o,m,m,u,n,i,c,a,t,e, ,i,n, ,a,d,s, ,l,i,k,e, ,K,y,l,e, ,c,o,m,p,l,a,i,n,s, ,a,b,o,u,t, ,.,.,.,h,e,r,e,s, ,a,n, ,i,d,e,a, ,m,a,k,e, ,t,h,i,s, ,a,d,s, ,a,b,o,u,t, ,t,h,a,t, ,.
C,a,n, ,w,e, ,j,u,s,t, ,a,l,l, ,a,g,r,e,e, ,t,h,a,t, ,n,e,o, ,c,o,n,s, ,a,n,d, ,n,e,o, ,l,i,b,e,r,a,l,s, ,a,r,e, ,t,h,e, ,s,a,m,e, ,t,h,i,n,g,?
B,l,u,e, ,N,o, ,M,a,t,t,e,r, ,W,h,o, ,P,e,o,p,l,e, ,a,r,e, ,M,a,r,k, ,A,s,s, ,T,r,i,c,k,s,.
T,o,m,o,r,r,o,w, ,i,s, ,M,o,n,d,a,y,., ,N,a,n,c,y,",", ,C, ,U, ,N,e,x,t, ,T,u,e,s,d,a,y,.
@,5,:,1,7, ,y,e,s, ,e,s,p,e,c,i,a,l,l,y, ,B,e,r,n,i,e, ,a,n,d, ,W,a,r,r,e,n
"""",T,h,e,y, ,a,s,k,e,d, ,f,o,r, ,a, ,q,u,a,r,t,e,r, ,o,f, ,a, ,t,r,i,l,l,i,o,n, ,d,o,l,l,a,r,s, ,w,i,t,h,i,n, ,4,8, ,h,o,u,r,s, ,a,n,d, ,I, ,s,a,i,d,",", ,(,s,m,u,g, ,f,a,c,e,), ,I, ,d,o,n,',t, ,t,h,i,n,k, ,s,o,"""","
","
","
",Y,e,a,h,",", ,f,u,n,n,y,",", ,"""",I, ,d,o,n,',t, ,t,h,i,n,k, ,s,o,"""", ,i,s, ,a,l,s,o, ,w,h,a,t, ,I, ,t,h,i,n,k, ,a,b,o,u,t, ,p,a,y,i,n,g, ,y,o,u, ,a, ,$,2,0,0,K,+, ,a,n,n,u,a,l, ,s,a,l,a,r,y,",", ,a,t, ,t,h,i,s, ,p,o,i,n,t,",", ,y,a, ,b,i,t,c,h,.
P,e,l,o,s,i, ,i,s, ,a, ,P,O,S
L,M,A,O,., ,T,h,a,t, ,w,a,s, ,a, ,g,o,o,d, ,r,e,f,e,r,e,n,c,e, ,a,t, ,t,h,e, ,e,n,d,.
T,h,i,s, ,i,s, ,a, ,s,t,u,p,i,d, ,a,d,v,e,r,t,.,"
","
",B,u,y,i,n,g, ,i,c,e, ,c,r,e,a,m, ,i,s, ,b,a,d, ,t,h,e,n,?,"
","
",T,h,e,r,e, ,i,s, ,n,o, ,p,o,l,i,c,y, ,i,s,s,u,e, ,t,o,u,c,h,e,d, ,o,n,., ,T,h,e, ,w,h,o,l,e, ,a,d,v,e,r,t, ,i,s, ,a,n, ,a,p,p,e,a,l, ,t,o, ,e,m,o,t,i,o,n, ,a,n,d, ,a,d, ,h,o,m,i,n,e,m,.,"
","
",T,h,e,r,e, ,a,r,e, ,c,o,n,c,r,e,t,e, ,p,o,l,i,c,y, ,i,s,s,u,e,s, ,w,i,t,h, ,P,e,l,o,s,i,., ,I, ,d,o,n,',t, ,g,i,v,e, ,a, ,s,h,i,t, ,o,f, ,s,h,e, ,e,a,t,s, ,i,c,e, ,c,r,e,a,m,.,"
","
",T,h,i,s, ,a,d,v,e,r,t, ,i,s, ,n,o, ,b,e,t,t,e,r, ,t,h,a,n, ,t,h,e, ,t,h,r,e,e, ,h,o,u,s,e,s, ,a,r,g,u,m,e,n,t, ,a,g,a,i,n,s,t, ,B,e,r,n,i,e,.
t,h,e, ,l,o,o,k, ,o,n, ,K,y,l,e,',s, ,f,a,c,t, ,a,t, ,t,h,e, ,e,n,d, ,o,f, ,t,h,a,t, ,a,d, ,s,a,y,s, ,e,v,e,r,y,t,h,i,n,g,., , ,s,o, ,f,u,n,n,y,!, , ,w,h,a,t, ,a, ,d,i,s,a,s,t,e,r,.,.,.
P,e,l,o,s,i, ,i,s, ,e,x,t,r,e,m,e,l,y, ,e,v,i,l, ,s,h,e, ,c,o,m,e,s, ,f,r,o,m, ,t,h,e, ,B,a,l,t,i,m,o,r,e, ,D,e,m,o,c,r,a,t, ,"
",C,o,r,r,u,p,t,i,o,n, ,M,a,c,h,i,n,e, ,t,h,e, ,D,',A,l,e,s,a,n,d,r,o, ,f,a,m,i,l,y,",", ,b,o,t,h, ,h,e,r, ,f,a,t,h,e,r, ,T,o,m,",", ,a,n,d, ,h,e,r, ,"
",b,r,o,t,h,e,r, ,T,o,m,m,y, ,w,e,r,e, ,M,a,y,o,r,s, ,o,f, ,B,a,l,t,i,m,o,r,e,",", ,a, ,w,e,l,l, ,o,i,l,e,d,",", ,c,o,r,r,u,p,t, ,D,e,m,o,c,r,a,t, ,"
",f,a,m,i,l,y,., ,A,s,k, ,R,o,n,a,l,d, ,R,e,a,g,a,n
P,e,l,o,s,i, ,i,s, ,e,x,t,r,e,m,e,l,y, ,e,v,i,l, ,s,h,e, ,c,o,m,e,s, ,f,r,o,m, ,t,h,e, ,B,a,l,t,i,m,o,r,e, ,D,e,m,o,c,r,a,t, ,"
",C,o,r,r,u,p,t,i,o,n, ,M,a,c,h,i,n,e, ,t,h,e, ,D,',A,l,e,s,a,n,d,r,o, ,f,a,m,i,l,y,",", ,b,o,t,h, ,h,e,r, ,f,a,t,h,e,r, ,T,o,m,",", ,a,n,d, ,h,e,r, ,"
",b,r,o,t,h,e,r, ,T,o,m,m,y, ,w,e,r,e, ,M,a,y,o,r,s, ,o,f, ,B,a,l,t,i,m,o,r,e,",", ,a, ,w,e,l,l, ,o,i,l,e,d,",", ,c,o,r,r,u,p,t, ,D,e,m,o,c,r,a,t, ,"
",f,a,m,i,l,y,., ,A,s,k, ,R,o,n,a,l,d, ,R,e,a,g,a,n
T,h,e, ,m,a,i,n, ,p,r,o,b,l,e,m,s, ,i,n, ,t,h,e, ,D,e,m,o,c,r,a,t,i,c, ,p,a,r,t,y,:, ,P,o,w,e,r, ,h,u,n,g,r,y, ,a,n,d, ,c,o,r,r,u,p,t, ,e,l,i,t,i,s,t,s,",", ,b,a,d, ,a,n,d, ,o,n,l,y, ,e,m,o,t,i,o,n, ,o,r,i,e,n,t,e,d, ,a,r,g,u,m,e,n,t,s,",", ,"""",o,r,a,n,g,e, ,m,a,n, ,b,a,d,"""", ,a,s, ,t,h,e,i,r, ,m,a,i,n, ,a,n,d, ,o,n,l,y, ,s,t,r,a,t,e,g,y, ,o,v,e,r, ,t,h,e, ,l,a,s,t, ,f,e,w, ,y,e,a,r,s, ,t,o, ,o,p,p,o,s,e, ,T,r,u,m,p,",", ,p,a,t,h,e,t,i,c, ,i,m,p,e,a,c,h,m,e,n,t, ,s,t,r,a,t,e,g,i,e,s, ,s,u,c,h, ,a,s, ,R,u,s,s,i,a, ,g,a,t,e, ,a,n,d, ,U,k,r,a,i,n,e, ,g,a,t,e,",", ,m,o,r,a,l, ,h,i,g,h, ,g,r,o,u,n,d, ,b,u,t, ,a,t, ,t,h,e, ,s,a,m,e, ,t,i,m,e, ,b,e,i,n,g, ,h,y,p,o,c,r,i,t,i,c,a,l, ,(,b,i,l,l,i,o,n,a,i,r,e, ,d,o,n,a,t,s,",", ,m,o,n,i,e,s,",", ,w,a,r, ,p,o,l,i,t,i,c,s,",", ,g,e,o,p,o,l,i,t,i,c,s,),",", ,b,e,i,n,g, ,c,o,m,p,l,e,t,e,l,y, ,o,u,t, ,o,f, ,t,o,u,c,h, ,w,i,t,h, ,r,e,a,l,i,t,y, ,a,n,d, ,R,E,A,L, ,p,e,o,p,l,e, ,(,s,u,c,h, ,a,s, ,N,a,n,c,y, ,P,e,l,o,s,i,",", ,t,h,e, ,"""",H,o,l,l,y,w,o,o,d, ,l,e,f,t,"""", ,e,t,c,.,), ,a,n,d, ,j,u,s,t, ,p,l,a,i,n, ,s,t,u,p,i,d,i,t,y,.
I,‚Äô,v,e, ,a,l,w,a,y,s, ,e,n,j,o,y,e,d, ,t,h,e, ,s,h,o,w, ,K,y,l,e,!
A, ,v,e,r,y, ,r,e,l,i,a,b,l,e, ,s,o,u,r,c,e, ,t,o,l,d, ,m,e, ,t,h,a,t, ,N,a,n,c,y, ,P,e,l,o,s,i, ,s,m,e,l,l,s, ,l,i,k,e, ,d,r,i,e,d, ,o,w,l, ,p,o,o,p
W,a,s,n,t, ,t,h,i,s, ,f,o,o,t,a,g,e, ,p,r,o,d,u,c,e,d, ,s,o,m,e, ,t,i,m,e, ,a,g,o,., ,I,s, ,i,t, ,r,e,l,e,v,a,n,t, ,t,o, ,t,h,e, ,c,a,m,p,a,i,g,n,?
N,o,b,o,d,y,:, ,M,e,m,b,a, ,w,h,e,n, ,t,h,e,r,e, ,w,a,s,n,',t, ,s,o, ,m,u,c,h, ,i,c,e, ,c,r,e,a,m,?, ,"
","
",N,a,n,c,y,:, ,I, ,m,e,m,b,a,",", ,I, ,m,e,m,b,a,.
N,a,n,c,y, ,A,n,t,o,i,n,e,t,t,e, ,l,m,a,o, ,r,i,p
I, ,h,a,v,e, ,s,t,i,l,l, ,n,o,t, ,r,e,c,e,i,v,e,d, ,a,n,y, ,k,i,n,d, ,o,f, ,s,t,i,m,u,l,u,s, ,c,h,e,c,k,",", ,I, ,h,a,v,e,n,',t, ,e,v,e,n, ,r,e,c,e,i,v,e,d, ,m,y, ,t,a,x, ,r,e,t,u,r,n, ,a,n,d, ,I, ,f,i,l,e,d, ,m,y, ,t,a,x,e,s, ,e,a,r,l,y,.
T,h,a,t, ,i,s, ,a, ,b,r,u,t,a,l, ,a,d
A,n,y, ,o,n,e, ,n,o,t, ,i,n, ,t,h,e, ,2, ,p,a,r,t,y,',s, ,i,s, ,a, ,i,m,p,r,o,v,e,m,e,n,t,., ,V,o,t,e, ,a,l,l, ,o,f, ,t,h,e,m, ,o,u,t, ,w,e,l,c,o,m,e, ,t,o, ,t,h,e, ,c,l,u,b, ,k,y,l,e,., ,T,h,e,r,e, ,a,r,e, ,z,e,r,o, ,b,e,n,i,f,e,t,s, ,a,n,d, ,m,a,n,y, ,d,i,s,a,d,v,a,n,t,a,g,e,s, ,i,t,',s, ,k,i,l,l, ,t,h,e, ,s,y,s,t,e,m, ,o,r, ,b,e, ,k,i,l,l,e,d, ,b,y, ,i,t, ,n,o,w,.
O,h, ,a, ,b,u,n,c,h, ,o,f, ,w,e,e,k,",", ,i,n,e,f,f,e,c,t,u,a,l, ,p,r,o,g,r,e,s,s,i,v,e,s, ,a,r,e, ,m,a,d, ,a,t, ,h,e,r,!, ,l,m,a,o, ,s,h,e, ,d,o,e,s,n,',t, ,G,A,F, ,w,h,a,t, ,y,o,u, ,g,u,y,s, ,t,h,i,n,k,., ,I,n, ,f,a,c,t,",", ,s,h,e, ,l,o,v,e,s, ,t,h,a,t, ,y,o,u, ,h,a,t,e, ,h,e,r, ,b,e,c,a,u,s,e, ,s,h,e, ,k,n,o,w,s, ,y,o,u,',l,l, ,n,e,v,e,r, ,d,o, ,a, ,d,a,m,n, ,t,h,i,n,g, ,a,b,o,u,t, ,i,t,., ,$,$,$,$, ,>, ,Y,O,U,"
","
","
",Y,o,u, ,g,u,y,s, ,a,r,e, ,t,h,e, ,r,e,a,l, ,r,u,b,e,s, ,a,n,d, ,m,a,r,k,s,",", ,b,e,c,a,u,s,e, ,y,o,u,',r,e, ,w,e,a,k,.
I, ,l,i,k,e, ,t,h,e, ,s,u,i,t,",", ,w,h,e,r,e, ,d,i,d, ,y,o,u, ,g,e,t, ,i,t, ,f,r,o,m,",", ,m,a,y,b,e, ,y,o,u, ,w,a,n,n,a, ,t,r,y, ,a, ,w,h,i,t,e, ,s,h,i,r,t, ,a,n,d, ,a, ,y,e,l,l,o,w, ,t,i,e,.
P,l,e,a,s,e, ,n,o, ,m,o,r,e, ,c,o,m,m,e,n,t,s, ,s,h,i,l,l,i,n,g, ,f,o,r, ,s,h,a,h,i,d, ,m,y, ,b,r,a,i,n, ,i,s, ,a,b,o,u,t, ,t,o, ,e,x,p,l,o,d,e
S,a,y, ,w,h,a,t, ,y,o,u, ,w,a,n,t, ,a,b,o,u,t, ,T,r,u,m,p,;, ,a,t, ,l,e,a,s,t, ,h,e, ,e,a,r,n,e,d, ,t,h,e, ,m,a,j,o,r,i,t,y, ,o,f, ,h,i,s, ,f,o,r,t,u,n,e, ,b,y, ,b,e,i,n,g, ,a, ,f,a,i,r,l,y, ,s,a,v,v,y, ,b,u,s,i,n,e,s,s,m,a,n,., ,M,e,a,n,w,h,i,l,e,",", ,P,e,l,o,s,i, ,i,s, ,l,i,v,i,n,g, ,l,a,v,i,s,h,l,y, ,b,y, ,b,e,i,n,g, ,a, ,f,e,c,k,l,e,s,s,",", ,c,o,r,p,o,r,a,t,e, ,s,e,l,l,o,u,t,., ,I, ,h,a,t,e, ,h,e,r,!
I, ,l,o,v,e, ,i,t
S,a,d, ,t,h,a,t, ,t,h,i,n,g,s, ,h,a,v,e, ,g,o,t,t,e,n, ,s,o, ,b,a,d, ,w,i,t,h, ,t,h,e, ,D,e,m,o,c,r,a,t,s,",", ,w,h,o,m, ,I, ,v,o,t,e, ,f,o,r,",", ,t,h,a,t, ,I,',m, ,h,o,o,t,i,n,g, ,a,n,d, ,h,o,l,l,e,r,i,n,g, ,i,n, ,s,u,p,p,o,r,t, ,o,f, ,R,e,p,u,b,l,i,c,a,n, ,a,t,t,a,c,k, ,a,d,s, ,l,a,n,d,i,n,g, ,a,c,c,u,r,a,t,e, ,a,t,t,a,c,k,s, ,a,g,a,i,n,s,t, ,t,h,e,m,.
S,h,e,',s, ,a,l,r,e,a,d,y, ,w,e,a,r,i,n,g, ,a, ,t,h,i,c,k, ,w,h,i,t,e, ,s,w,e,a,t,e,r,., ,W,h,y, ,w,o,u,l,d, ,s,h,e, ,n,e,e,d, ,a,n, ,o,r,a,n,g,e, ,o,n,e, ,I,N,S,I,D,E, ,h,e,r, ,h,o,u,s,e,?, ,Y,o,u,',l,l, ,h,a,v,e, ,t,o, ,e,x,c,u,s,e, ,m,e, ,i,f, ,I, ,s,e,e,m, ,u,n,f,a,m,i,l,i,a,r, ,w,i,t,h, ,t,h,i,s, ,t,y,p,e, ,o,f, ,l,o,o,k,.
T,h,e, ,c,o,r,p,o,r,a,t,e, ,n,e,w, ,d,e,m,o,c,r,a,t,s, ,w,o,n, ,h,u,g,e, ,m,a,j,o,r,i,t,i,e,s, ,i,n, ,b,o,t,h, ,t,h,e, ,S,e,n,a,t,e, ,a,n,d, ,t,h,e, ,H,o,u,s,e, ,f,r,o,m, ,2,0,0,6, ,t,o, ,2,0,1,0, ,a,n,d, ,d,e,l,i,v,e,r,e,d, ,P,r,e,s,i,d,e,n,t, ,O,b,a,m,a,., ,T,h,e, ,e,x,t,r,e,m,e, ,m,i,l,i,t,i,a,n,t, ,l,e,f,t, ,t,h,a,t, ,y,o,u, ,r,e,p,r,e,s,e,n,t, ,m,a,d,e, ,s,u,r,e, ,H,i,l,l,a,r,y, ,C,l,i,n,t,o,n, ,l,o,s,t, ,i,n, ,2,0,1,6,., ,S,o, ,w,e, ,g,o,t, ,T,r,u,m,p, ,i,n,s,t,e,a,d,., ,G,o,o,d, ,j,o,b, ,f,a,r, ,l,e,f,t, ,d,e,m,o,c,r,a,t,s,",", ,t,h,a,t, ,w,a,s, ,a, ,r,e,a,l, ,v,i,c,t,o,r,y,!
W,h,y, ,a,r,e, ,a,l,l, ,y,o,u,r, ,v,i,d,e,o,s, ,o,n, ,t,h,i,n,g,s, ,t,h,a,t, ,h,a,v,e, ,b,e,e,n, ,o,l,d, ,n,e,w,s, ,f,o,r, ,d,a,y,s,?, ,W,e,e,k,s, ,s,o,m,e,t,i,m,e,s,.
S,o,m,e,t,h,i,n,g, ,S,o,m,e,t,h,i,n,g, ,W,h,i,t,e, ,m,o,d,e,r,a,t,e,s
U,g,h,",", ,N,a,n,c,y, ,i,s, ,s,u,c,h, ,a, ,q,u,e,e,n, ,üëè, ,f,u,c,k, ,t,h,o,s,e, ,p,o,o,r,s, ,üíÖ
s,h,e, ,i,s, ,a, ,p,s,y,c,h,o,p,a,t,h,",", ,l,i,k,e, ,m,o,s,t, ,i,n, ,o,u,r, ,g,o,v,.,",", ,i,t, ,s,t,i,l,l, ,a,m,a,z,i,n,g, ,I, ,s,o,m,e,t,i,m,e,s, ,I, ,h,a,v,e, ,h,o,p,e, ,f,o,r,., ,W,h,e,n, ,w,a,s, ,t,h,e, ,l,a,s,t, ,t,i,m,e, ,w,e, ,w,e,r,e, ,i,m,p,o,r,t,a,n,t, ,t,o, ,o,u,r, ,g,o,v,., ,"
",P,u,t,t,i,n,g, ,u,p, ,5,G, ,t,o,w,e,r,s, ,w,h,i,l,e, ,w,e, ,s,l,e,e,p,., ,I, ,d,o,n,', ,t,r,u,s,t, ,a,n,y,o,n,e, ,o,n, ,t,h,e, ,r,t, ,a,n,d, ,l,e,f,t,., ,a,n,d, ,n,o,b,o,d,y, ,c,a,r,e,s, ,a,b,o,u,t, ,m,e,",", ,y,o,u,",", ,o,r, ,a,n,y,b,o,d,y, ,e,l,s,e,",", ,t,h,a,t, ,d,o,e,s,n,',t, ,c,o,n,c,e,d,e, ,t,o, ,t,h,e,r,e, ,b,i,d,d,i,n,g
O,n,e, ,o,f, ,t,h,e, ,o,n,l,y, ,t,h,i,n,g,s, ,m,y, ,p,a,r,e,n,t,s, ,a,n,d, ,I, ,a,g,r,e,e, ,o,n,:, ,N,a,n,c,y, ,P,e,l,o,s,i, ,i,s, ,a, ,h,a,c,k, ,a,n,d, ,c,l,o,w,n,.,"
",H,o,w, ,m,u,c,h, ,i,s, ,h,e,r, ,n,e,t, ,w,o,r,t,h,?
R,e,p,u,b,l,i,c,a,n,s, ,a,r,e, ,t,h,e, ,p,a,r,t,y, ,f,o,r, ,t,h,e, ,w,o,r,k,i,n,g, ,c,l,a,s,s
P,e,l,o,s,i, ,i,s, ,t,h,e, ,b,e,s,t, ,t,h,i,n,g, ,t,o, ,h,a,p,p,e,n, ,t,o, ,t,r,u,m,p,s, ,r,e,-,e,l,e,c,t,i,o,n
t,h,i,s, ,i,s, ,a, ,g,r,e,a,t, ,f,u,c,k,i,n,g, ,a,d,., ,s,h,e, ,i,s,n,t, ,a, ,d,e,m,o,c,r,a,t,., ,s,h,e,s, ,a, ,g,o,d, ,d,a,m, ,r,e,p,u,b,l,i,c,a,n,.
‚Äú,T,h,e, ,g,u,y, ,w,h,o, ,c,r,a,p,s, ,i,n, ,a, ,g,o,l,d, ,t,o,i,l,e,t, ,j,u,s,t, ,c,a,l,l,e,d, ,o,u,t, ,t,h,e, ,p,u,b,l,i,c, ,s,e,r,v,a,n,t, ,w,h,o, ,b,e,c,a,m,e, ,a, ,m,i,l,l,i,o,n,a,i,r,e,.,‚Äù, ,J,i,m,m,y, ,D,o,r,e,., , ,D,a,m,n,.,.,.,., , ,s,h,e, ,s,h,o,u,l,d, ,b,e, ,a,s,h,a,m,e,d, ,o,f, ,h,e,r,s,e,l,f,.
t,h,a,t, ,a,d,v,e,r,t,i,s,e,m,e,n,t, ,w,r,e,c,k,e,d, ,h,e,r, ,a,s,s
I,t,',s, ,t,i,m,e, ,f,o,r, ,K,y,l,e, ,t,o, ,a,d,m,i,t, ,t,h,a,t, ,t,h,e, ,J,u,s,t,i,c,e, ,D,e,m,o,c,r,a,t,s, ,i,d,e,a, ,w,a,s, ,a, ,f,a,i,l,u,r,e, ,a,n,d, ,t,h,a,t, ,t,h,e, ,o,n,l,y, ,w,a,y, ,f,o,r,w,a,r,d, ,i,s, ,a,n,o,t,h,e,r, ,p,a,r,t,y,.
I, ,a,p,p,r,e,c,i,a,t,e, ,t,h,a,t, ,y,o,u,",", ,J,i,m,m,y, ,D,o,r,e,",", ,a,n,d, ,T,h,e, ,H,i,l,l, ,a,r,e, ,c,a,l,l,i,n,g, ,P,e,l,o,s,i, ,o,u,t, ,o,n, ,t,h,i,s, ,b,u,t, ,I, ,h,a,v,e, ,t,o, ,k,i,n,d, ,o,f, ,r,a,i,s,e, ,m,y, ,e,y,e,b,r,o,w,s, ,w,h,e,n, ,y,o,u, ,g,u,y,s, ,h,a,v,e,n,‚Äô,t, ,e,v,e,n, ,a,t,t,e,m,p,t,e,d, ,t,o, ,m,o,b,i,l,i,z,e, ,y,o,u,r, ,a,u,d,i,e,n,c,e,s, ,t,o, ,v,o,t,e, ,h,e,r, ,o,u,t, ,i,n, ,N,o,v,e,m,b,e,r, ,s,e,e,i,n,g, ,a,s, ,a, ,p,r,o,g,r,e,s,s,i,v,e, ,i,s, ,r,u,n,n,i,n,g, ,t,o, ,u,n,s,e,a,t, ,h,e,r,., ,W,h,y, ,a,r,e,n,‚Äô,t, ,y,o,u, ,d,o,i,n,g, ,t,h,a,t,?
i,t,s, ,a,l,m,o,s,t, ,l,i,k,e, ,t,h,e, ,d,u,m,b, ,o,n,e,s, ,a,r,e, ,o,n, ,t,h,e, ,l,e,f,t, ,a,n,d, ,r,i,g,h,t, ,w,i,n,g,e,r,s, ,a,r,e, ,g,e,n,i,u,s,.
N,o, ,k,y,l,e,., ,L,i,k,e, ,y,o,u,r, ,b,o,y, ,C,e,n,k, ,s,a,y,s,",", ,n,a,n,c,y, ,P,e,l,o,s,i, ,i,s, ,a,w,f,u,l,",", ,b,u,t, ,t,h,e, ,R,i,g,h,t, ,W,i,n,g,e,r,s, ,a,n,d, ,r,e,p,u,b,l,i,c,a,n,s, ,a,r,e, ,s,o, ,t,e,r,r,i,b,l,e, ,w,e, ,h,a,v,e, ,t,o, ,p,r,o,p, ,h,e,r, ,u,p, ,a,n,d, ,s,u,p,p,o,r,t, ,a,n,d, ,e,n,d,o,r,s,e, ,h,e,r,.,"
",K,y,l,e, ,c,r,i,t,i,c,i,z,e,d, ,t,h,e, ,S,q,u,a,d, ,a,n,d, ,B,e,r,n,i,e, ,f,o,r, ,n,o,t, ,c,a,l,l,i,n,g, ,o,u,t, ,t,h,e, ,c,o,r,p,o,r,a,t,e, ,d,e,m,s,",", ,b,u,t, ,h,e, ,d,o,e,s, ,t,h,e, ,E,X,A,C,T, ,t,h,i,n,g, ,w,i,t,h, ,h,i,s, ,b,u,d,d,i,e,s, ,a,t, ,T,Y,T
I, ,h,a,v,e, ,t,o, ,g,i,v,e, ,i,t, ,t,o, ,A,m,e,r,i,c,a,",", ,t,h,e,y,‚Äô,r,e, ,R,E,A,L,L,Y, ,g,o,o,d, ,a,t, ,p,r,o,p,a,g,a,n,d,a,.
S,o,l,i,d, ,a,d,",", ,b,u,t, ,u,n,n,e,c,e,s,s,a,r,y, ,s,l,a,n,d,e,r, ,a,g,a,i,n,s,t, ,M,a,r,i,e, ,A,n,t,o,i,n,e,t,t,e
T,h,i,s, ,p,r,o,v,e,s, ,t,h,e, ,p,r,o,b,l,e,m, ,w,i,t,h, ,t,h,e, ,A,m,e,r,i,c,a,n, ,l,e,f,t,., ,T,h,i,s, ,a,d, ,s,h,o,u,l,d, ,h,a,v,e, ,c,o,m,e, ,f,r,o,m, ,t,h,e,m,.
T,o,p, ,5, ,p,e,o,p,l,e, ,I, ,h,o,p,e, ,g,e,t, ,C,o,v,i,d, ,1,9,., ,1,.,P,e,l,o,s,i,"
",2,.,T,r,u,m,p,"
",3,.,J,o,e, ,B,i,d,e,n,"
",4,.,M,i,t,c,h, ,M,c,C,o,n,n,e,l,l,"
",5,.,C,h,u,c,k, ,S,c,h,u,m,e,r
M,u,r,i,c,a, ,ü§£,üëå,üèΩ
O,h, ,b,u,t, ,s,h,e, ,i,s, ,m,a,m,a, ,b,e,a,r,.,.,.,., ,A,O,C, ,i,s, ,a,l,s,o, ,d,o,n,e,.,.,.,.,.,.
I, ,s,w,e,a,r, ,t,h,i,s, ,c,h,i,c,k, ,i,s, ,m,e,d,i,c,a,t,e,d
D,a,m,m, ,k,y,l,e
S,h,a,h,i,d, ,B,u,t,t,a,r,.
I, ,t,h,i,n,k, ,t,h,e, ,c,r,u,i,s,e, ,i,n,d,u,s,t,r,y, ,e,n,d,e,d, ,u,p, ,n,o,t, ,g,e,t,t,i,n,g, ,t,h,e, ,b,a,i,l, ,o,u,t, ,f,r,o,m, ,w,h,a,t, ,I,',v,e, ,r,e,a,d,., ,D,o,e,s, ,a,n,y,o,n,e, ,h,a,v,e, ,n,e,w, ,i,n,f,o, ,o,n, ,t,h,a,t,?, ,I,t, ,s,e,e,m,s, ,t,h,a,t, ,t,h,e,y, ,w,e,r,e, ,d,e,n,i,e,d, ,t,h,e, ,b,a,i,l, ,o,u,t,.
Y,a,h,.,.,.,N,a,n,c,y, ,l,o,o,k,s, ,p,r,e,t,t,y, ,b,a,d, ,i,n, ,t,h,i,s,., , ,T,h,e,y, ,s,a,y, ,t,h,e, ,r,i,g,h,t, ,t,h,i,n,g,s, ,b,u,t, ,d,o,n,‚Äô,t, ,r,e,a,l,l,y, ,c,a,r,e,.
S,t,i,l,l, ,h,a,v,e,n,‚Äô,t, ,g,o,t, ,t,h,e, ,s,t,i,m,u,l,u,s, ,m,o,n,e,y,., , ,O,n,e, ,b,i,l,l, ,a,n,d, ,p,e,o,p,l,e, ,s,t,i,l,l, ,a,r,e, ,w,a,i,t,i,n,g,.
I,f, ,o,n,l,y, ,t,h,e,y, ,w,o,u,l,d, ,s,h,o,w, ,T,r,u,m,p, ,s,h,i,t,t,i,n,g, ,o,n, ,h,i,s, ,g,o,l,d,e,n, ,t,o,i,l,e,t,.
I, ,r,e,a,l,l,y, ,t,h,i,n,k, ,P,e,l,o,s,i, ,i,s, ,t,r,u,l,y, ,j,u,s,t, ,a, ,R,e,p,u,b,l,i,c,a,n, ,d,o,i,n,g, ,t,h,e,i,r, ,d,i,r,t,y, ,w,o,r,k, ,a,n,d, ,a,c,t,i,n,g, ,a,s, ,a, ,D,e,m,o,c,r,a,t, ,t,o, ,g,i,v,e, ,t,h,e,m, ,e,a,s,y, ,w,i,n,s, ,a,n,d, ,m,a,k,e, ,t,h,e, ,D,e,m,o,c,r,a,t,i,c, ,P,a,r,t,y, ,l,o,o,k, ,s,t,u,p,i,d,., ,L,i,k,e, ,a, ,b,l,u,e, ,d,o,g, ,D,e,m,o,c,r,a,t, ,b,u,t, ,s,h,e,',s, ,t,h,e, ,b,e,s,t, ,o,n,e, ,a,t, ,d,o,i,n,g, ,h,e,r, ,j,o,b,.
I, ,s,e,r,i,o,u,s,l,y, ,d,o,u,b,t, ,m,o,s,t, ,A,m,e,r,i,c,a,n,s, ,a,r,e, ,s,t,a,r,v,i,n,g, ,b,u,t, ,y,e,a,h, ,s,h,e, ,i,s, ,t,o,t,a,l, ,e,l,i,t,e, ,t,r,a,s,h
I, ,t,h,i,n,k, ,t,h,e, ,r,e,f,r,i,g,e,r,a,t,o,r,s, ,a,r,e, ,$,2,4,",",0,0,0, ,d,o,l,l,a,r,s, ,e,a,c,h,!
B,u,t, ,s,h,e, ,t,o,r,e, ,u,p, ,a, ,p,i,e,c,e, ,o,f, ,p,a,p,e,r,!, ,I,s,n,',t, ,t,h,a,t, ,e,d,g,y, ,a,n,d, ,c,o,o,l,?
S,h,e, ,l,a,b,o,r,e,d, ,m,i,g,h,t,i,l,y, ,f,o,r, ,t,h,a,t, ,i,c,e, ,c,r,e,a,m, ,a,n,d, ,t,h,a,t, ,s,w,e,a,t,e,r, ,a,n,d, ,t,h,a,t, ,f,r,i,d,g,e, ,a,n,d, ,t,h,e, ,o,t,h,e,r, ,f,r,i,d,g,e, ,a,n,d, ,t,h,e, ,s,t,o,v,e, ,a,n,d, ,t,h,e, ,f,o,y,e,r, ,a,n,d, ,v,a,u,l,t,e,d, ,c,e,i,l,i,n,g,., ,S,o,",", ,l,i,k,e,",", ,s,o,l,i,d,a,r,i,t,y,",", ,I, ,g,u,e,s,s,.
I, ,d,o, ,n,o,t, ,l,i,k,e, ,t,h,a,t, ,w,o,m,a,n,., ,S,h,e, ,i,s, ,o,u,t, ,o,f, ,t,o,u,c,h, ,a,n,d, ,s,h,e, ,i,s, ,n,o,t, ,a, ,p,r,o,g,r,e,s,s,i,v,e,.
N,o,t,h,i,n,g, ,m,a,k,e,s, ,m,e, ,h,a,p,p,i,e,r, ,t,h,a,n, ,K,y,l,e, ,c,a,l,l,i,n,g, ,l,i,b,e,r,a,l,s, ,‚Äú,M,a,r,k,s,‚Äù, ,K,y,l,e, ,G,h,e,t,t,o, ,K,u,l,i,n,s,k,i
S,h,e, ,m,a,k,e,s, ,C,a,r,l,t,o,n, ,B,a,n,k,s, ,l,o,o,k, ,b,a,d,",", ,m,a,n,!
I, ,k,n,e,w, ,w,h,e,n, ,p,e,l,o,s,i, ,m,a,d,e, ,h,e,r, ,r,e,s,u,r,g,e,n,c,e, ,a,s, ,S,p,e,a,k,e,r, ,o,f, ,t,h,e, ,H,o,u,s,e, ,l,a,s,t, ,y,e,a,r,",", ,w,e, ,w,e,r,e, ,a,l,l, ,f,u,c,k,e,d,., ,H,o,w, ,s,h,o,r,t, ,p,e,o,p,l,e,',s, ,m,e,m,o,r,i,e,s, ,a,r,e,.
S,a,y,s, ,t,h,e, ,i,d,i,o,t,s, ,w,h,o, ,v,o,t,e, ,f,o,r, ,t,h,e, ,s,i,l,v,e,r, ,s,p,o,o,n, ,T,r,u,m,p, ,T,o,w,e,r, ,d,e,g,e,n,e,r,a,t,e, ,w,h,o, ,c,a,n,',t, ,p,e,r,f,o,r,m, ,s,i,m,p,l,e, ,a,r,i,t,h,m,e,t,i,c, ,a,n,d, ,t,e,l,l,s, ,t,h,e,m, ,t,o, ,d,r,i,n,k, ,L,y,s,o,l,., ,Y,o,u, ,d,o, ,r,e,a,l,i,z,e, ,y,o,u, ,a,r,e, ,f,o,l,l,o,w,i,n,g, ,D,o,n, ,C,o,n,',s, ,d,e,a,t,h, ,c,u,l,t,?, ,A,n,d, ,a,r,e, ,j,u,s,t, ,a,s, ,p,a,t,h,e,t,i,c, ,a,s, ,a,l,l, ,t,h,o,s,e, ,w,h,o, ,f,o,l,l,o,w,e,d, ,J,i,m, ,J,o,n,e,s, ,d,o,n,',t, ,y,o,u,?, ,W,a,i,t,.,.,.,o,f, ,c,o,u,r,s,e, ,y,o,u, ,d,o,n,',t,., , ,T,h,e, ,c,u,l,t, ,v,i,c,t,i,m,s, ,n,e,v,e,r, ,d,o, ,s,e,e, ,w,h,a,t, ,h,a,s, ,b,e,c,o,m,e, ,o,f, ,t,h,e,m,.
K,y,l,e, ,i,s, ,T,r,u,m,p,',s, ,b,i,g,g,e,s,t, ,s,y,c,o,p,h,a,n,t
T,a,x,a,t,i,o,n, ,w,i,t,h,o,u,t, ,r,e,p,r,e,s,e,n,t,a,t,i,o,n,., ,W,e,‚Äô,r,e, ,g,e,t,t,i,n,g, ,f,u,c,k,e,d, ,w,a,y, ,h,a,r,d,e,r, ,t,h,a,n, ,t,h,e, ,c,o,l,o,n,i,s,t,s, ,e,v,e,r, ,w,e,r,e,., ,G,o,t,t,a, ,o,v,e,r,t,u,r,n, ,t,h,i,s, ,b,a,c,k,w,a,r,d,s, ,f,u,c,k,e,d, ,u,p, ,t,y,r,a,n,n,y, ,a,n,d, ,s,t,a,r,t, ,o,v,e,r, ,a,g,a,i,n,.
I, ,h,a,t,e, ,p,o,l,i,t,i,c,s, ,a,n,d, ,g,o,v,e,r,n,m,e,n,t,",", ,I, ,j,u,s,t, ,w,a,n,t, ,t,o, ,g,e,t, ,a,w,a,y, ,f,r,o,m, ,t,h,i,s, ,d,u,m,b, ,s,h,i,t, ,a,n,d, ,l,i,v,e, ,o,f,f, ,g,r,i,d
I, ,b,e,t, ,t,h,a,t, ,9,5,%,+, ,o,f, ,h,i,s, ,s,u,p,p,o,r,t,e,r,s, ,o,r, ,t,h,o,s,e, ,w,h,o, ,w,o,u,l,d, ,v,o,t,e, ,f,o,r, ,h,i,m, ,h,a,v,e, ,n,o, ,i,d,e,a, ,w,h,a,t, ,‚Äú,l,e,t, ,t,h,e,m, ,e,a,t, ,i,c,e, ,c,r,e,a,m,‚Äù, ,i,s, ,a, ,r,e,f,e,r,e,n,c,e, ,t,o, ,b,u,t, ,i,t,‚Äô,s, ,a, ,b,r,i,l,l,i,a,n,t, ,w,a,y, ,t,o, ,e,n,d, ,t,h,e, ,a,d, ,n,o,n,e,t,h,e,l,e,s,s,.
T,h,e, ,R,e,p,u,b,l,i,c,a,n,s, ,a,r,e, ,s,o, ,g,o,o,d, ,a,t, ,p,o,l,i,t,i,c,s, ,a,n,d, ,b,e,i,n,g, ,r,e,a,l,.
S,o, ,y,o,u, ,d,o,n,',t, ,l,i,k,e, ,h,e,r,?
T,h,e, ,w,o,r,s,t, ,f,u,c,k,i,n,g, ,t,h,i,n,g, ,i,s, ,t,h,a,t, ,t,h,e, ,m,a,g,a, ,c,h,u,d,s, ,K,N,O,W, ,h,o,w, ,d,i,s,i,n,g,e,n,u,o,u,s, ,t,h,e,y,',r,e, ,b,e,i,n,g,., ,T,h,e,y, ,h,a,v,e, ,t,h,e, ,s,a,m,e, ,i,n,t,e,r,e,s,t,s, ,a,s, ,P,e,l,o,s,i,., ,B,u,t, ,t,h,e,i,r, ,s,h,a,m,e,l,e,s,s,n,e,s,s, ,i,s, ,t,h,e,i,r, ,b,e,s,t, ,w,e,a,p,o,n,.
T,h,e, ,s,y,s,t,e,m, ,i,s, ,c,o,m,p,l,e,t,e,l,y, ,b,r,o,k,e,n,., ,"
",S,i,m,p,l,e, ,a,s, ,t,h,a,t, ,., ,P,e,o,p,l,e, ,h,a,v,e, ,b,e,e,n, ,r,o,b,b,e,d, ,o,f,f, ,e,v,e,r,y,t,h,i,n,g, ,., ,I,t,‚Äô,l,l, ,t,a,k,e, ,a, ,c,o,m,p,l,e,t,e, ,r,e,v,o,l,u,t,i,o,n, ,.,"
",B,u,t, ,a,s, ,s,o,o,n, ,a,s, ,f,o,o,t,b,a,l,l, ,i,s, ,b,a,c,k, ,o,n, ,a,n,d, ,s,p,o,r,t,s, ,t,h,i,s, ,w,i,l,l, ,a,l,l, ,b,e, ,f,o,r,g,o,t,t,e,n, ,a,b,o,u,t, ,.
B,r,o, ,t,h,a,t,',s, ,a, ,g,r,e,a,t, ,a,d,.,.,.
E,s,t,a,b,l,i,s,h,m,e,n,t, ,p,o,l,i,t,i,c,i,a,n,s, ,a,r,e, ,c,o,r,p,o,r,a,t,e, ,p,u,p,p,e,t,s, ,w,h,o, ,h,a,v,e, ,c,o,n,t,r,o,l, ,o,f, ,b,o,t,h, ,p,a,r,t,i,e,s,., ,T,w,o, ,l,e,g,i,t,i,m,a,t,e, ,c,o,n,t,i,n,g,e,n,c,i,e,s,",", ,o,n,e, ,o,n, ,t,h,e, ,r,i,g,h,t, ,a,n,d, ,o,n,e, ,t,h,e, ,l,e,f,t,",", ,s,p,a,w,n,e,d, ,a,s, ,a, ,r,e,s,u,l,t, ,o,f, ,t,h,e,i,r, ,d,i,s,d,a,i,n, ,f,o,r, ,e,s,t,a,b,l,i,s,h,m,e,n,t, ,p,o,l,i,t,i,c,i,a,n,s, ,-, ,t,h,e, ,T,e,a, ,P,a,r,t,y, ,a,n,d, ,P,r,o,g,r,e,s,s,i,v,e,s,., ,B,o,t,h, ,w,e,r,e, ,a, ,t,h,r,e,a,t, ,t,o, ,t,h,e, ,e,s,t,a,b,l,i,s,h,m,e,n,t, ,o,r,d,e,r,",", ,a,n,d, ,b,o,t,h, ,h,a,v,e, ,b,e,e,n, ,e,n,v,e,l,o,p,e,d, ,a,n,d, ,p,l,a,c,a,t,e,d, ,b,y, ,t,h,e, ,r,i,g,h,t,/,l,e,f,t, ,e,s,t,a,b,l,i,s,h,m,e,n,t,., ,B,e,r,n,i,e, ,w,a,s, ,c,h,e,a,t,e,d, ,-, ,t,w,i,c,e,;, ,a,n,d, ,t,h,e, ,m,e,d,i,a, ,d,i,d, ,h,i,m, ,n,o, ,f,a,v,o,r,s,., ,Y,e,t, ,t,h,e, ,m,a,n, ,i,s, ,i,n,c,a,p,a,b,l,e, ,o,f, ,c,a,l,l,i,n,g, ,o,u,t, ,t,h,e, ,D,e,m,o,c,r,a,t,i,c, ,P,a,r,t,y,',s, ,a,n,t,i,c,s, ,a,n,d, ,c,o,n,t,i,n,u,e,s, ,t,o, ,a,m,a,s,s, ,p,e,r,s,o,n,a,l, ,w,e,a,l,t,h,., ,S,e,e,m,s, ,l,i,k,e, ,h,e,',s, ,j,u,s,t, ,a,n, ,e,s,t,a,b,l,i,s,h,m,e,n,t, ,p,l,a,y,e,r, ,u,s,e,d, ,t,o, ,k,e,e,p, ,p,r,o,g,r,e,s,s,i,v,e,s, ,v,o,t,i,n,g, ,b,l,u,e, ,n,o, ,m,a,t,t,e,r, ,w,h,o,.
O,n,e, ,o,f, ,t,w,o, ,t,h,i,n,g,s, ,o,c,c,u,r,r,e,d, ,b,e,f,o,r,e, ,K,y,l,e, ,m,a,d,e, ,t,h,i,s, ,v,i,d,e,o,., ,"
","
",1,., ,K,y,l,e, ,w,a,t,c,h,e,d, ,B,o,y,z, ,i,n, ,t,h,e, ,H,o,o,d,.,"
","
",2,., ,K,y,l,e, ,w,a,s, ,a,l,r,e,a,d,y, ,t,h,e, ,c,o,o,l,e,s,t, ,w,h,i,t,e, ,d,u,d,e, ,o,n, ,E,a,r,t,h,., ,"
","
",H,e, ,c,a,l,l,e,d, ,a,l,l, ,y,o,u, ,s,u,c,k,a,s, ,a, ,M,A,R,K, ,üòÇ,üòÇ
S,h,e,',s, ,a,l,s,o, ,o,n,e, ,o,f, ,t,h,e, ,w,o,r,s,t, ,c,o,m,m,u,n,i,c,a,t,o,r,s, ,I,',v,e, ,e,v,e,r, ,s,e,e,n, ,i,n, ,p,o,l,i,t,i,c,s,.
D,e,m,o,c,r,a,t,s, ,o,n,l,y, ,c,a,r,e, ,a,b,o,u,t, ,f,u,n,d,i,n,g, ,p,u,b,l,i,c, ,p,e,n,s,i,o,n,s, ,a,s, ,t,h,o,s,e, ,s,t,a,t,e,s, ,h,a,v,e, ,r,a,n, ,o,u,t, ,o,f, ,m,o,n,e,y,., ,T,h,e,y, ,u,s,e, ,e,v,e,r,y, ,o,p,p,o,r,t,u,n,i,t,y, ,t,o, ,s,y,p,h,o,n, ,m,o,n,e,y, ,f,r,o,m, ,t,h,e, ,f,e,d,e,r,a,l, ,g,o,v,e,r,n,m,e,n,t,., ,M,i,c,h,i,g,a,n, ,g,o,t, ,$,1,0,0,M, ,f,r,o,m, ,t,h,e, ,F,e,d,e,r,a,l, ,G,o,v,e,r,n,m,e,n,t, ,t,o, ,f,i,x, ,t,h,e, ,w,a,t,e,r, ,i,n,f,r,a,s,t,r,u,c,t,u,r,e, ,i,n, ,F,l,y,n,t, ,a,n,d, ,t,h,e, ,D,e,m,o,c,r,a,t,s, ,s,p,e,n,t, ,t,h,e, ,m,o,n,e,y, ,o,n, ,s,o,c,i,a,l, ,p,r,o,g,r,a,m,s, ,t,h,a,t, ,w,e,r,e, ,r,u,n,n,i,n,g, ,o,u,t, ,o,f, ,f,u,n,d,s,.,"
","
",R,e,p,u,b,l,i,c,a,n,s, ,o,n,l,y, ,c,a,r,e, ,a,b,o,u,t, ,e,c,o,n,o,m,i,c, ,g,r,o,w,t,h, ,a,n,d, ,d,o, ,w,h,a,t,e,v,e,r, ,c,o,r,p,o,r,a,t,i,o,n,s, ,w,a,n,t, ,t,h,a,t, ,w,i,l,l, ,i,n,c,r,e,a,s,e, ,p,r,o,f,i,t,s,.
W,e, ,j,u,s,t, ,h,a,d, ,i,t, ,r,e,s,t,o,c,k,e,d,?,?, ,B,y, ,w,h,o,m,?, ,I, ,d,i,d,n,',t, ,r,e,a,l,i,z,e, ,b,e,i,n,g, ,a, ,s,e,r,v,a,n,t, ,o,f, ,N,a,n,c,y, ,P,e,l,o,s,i, ,w,a,s, ,a,n, ,"""",e,s,s,e,n,t,i,a,l, ,w,o,r,k,e,r,.,"""", ,N,o, ,o,n,e, ,i,s, ,a,l,l,o,w,e,d, ,t,o, ,w,o,r,k, ,e,x,c,e,p,t, ,f,o,r, ,h,e,r, ,h,o,u,s,e,h,o,l,d, ,s,t,a,f,f,?,?
I,c,e, ,c,r,e,a,m, ,w,i,l,l, ,s,t,o,p, ,a,l,l, ,w,a,r,s,.
N,o,w, ,w,e, ,a,r,e, ,j,u,s,t, ,c,o,p,y,i,n,g, ,J,i,m,m,y, ,D,o,r,e,?, ,C,o,m,e, ,o,n, ,K,y,l,e, ,y,o,u, ,a,r,e, ,b,e,t,t,e,r, ,t,h,a,n, ,t,h,i,s
T,h,e,y, ,s,h,o,u,l,d, ,h,a,v,e, ,a,d,d,e,d, ,t,h,e, ,B,i,d,e,n, ,&, ,i,c,e, ,c,r,e,a,m, ,p,h,o,t,o, ,f,o,r, ,a,n, ,e,x,t,r,a, ,m,e,a,s,u,r,e
I, ,t,h,i,n,k, ,B,i,d,e,n, ,i,s, ,g,o,i,n,g, ,t,o, ,e,i,t,h,e,r, ,t,u,r,n, ,d,o,w,n, ,t,h,e, ,n,o,m,i,n,a,t,i,o,n, ,o,r, ,d,r,o,p, ,o,u,t, ,h,i,m,s,e,l,f,.
D,e,b,a,t,e, ,D,e,s,t,i,n,y,., ,D,e,b,a,t,e, ,V,a,u,s,h,., ,D,e,b,a,t,e, ,a,n,y,o,n,e,., ,D,o,n,',t, ,b,e, ,a, ,c,o,w,a,r,d,., ,B,e,f,o,r,e, ,y,o,u, ,d,e,b,a,t,e, ,a,n,y,o,n,e,",", ,y,o,u, ,d,o,n,',t, ,g,e,t, ,t,o, ,c,a,l,l, ,a,n,y,o,n,e, ,a, ,s,u,c,k,e,r,.
Y,o,u, ,k,n,o,w, ,t,h,e, ,s,c,e,n,e,s, ,i,n, ,m,o,v,i,e,s, ,o,r, ,a,n,i,m,e, ,w,h,e,r,e, ,t,h,e, ,v,i,l,l,a,i,n, ,e,n,d,s, ,u,p, ,m,a,k,i,n,g, ,a, ,d,a,m,n, ,g,r,e,a,t, ,p,o,i,n,t, ,t,h,a,t, ,r,e,n,d,e,r,s, ,t,h,e, ,p,r,o,t,a,g,o,n,i,s,t,s, ,s,p,e,e,c,h,l,e,s,s, ,a,n,d, ,y,o,u,',r,e, ,s,i,t,t,i,n,g, ,t,h,e,r,e, ,h,a,v,i,n,g, ,a, ,m,i,n,i, ,e,x,i,s,t,e,n,t,i,a,l, ,c,r,i,s,i,s, ,a,s, ,t,h,e, ,c,r,e,d,i,t,s, ,r,o,l,l,s,?, ,T,h,i,s, ,i,s, ,t,h,a,t, ,i,n, ,r,e,a,l, ,l,i,f,e,.
H,o,w, ,d,a,r,e, ,y,o,u,!, ,S,h,e, ,i,s, ,o,n,e, ,o,f, ,u,s,!, ,"""",W,e,',r,e, ,i,n, ,t,h,i,s, ,t,o,g,e,t,h,e,r,""""
s,h,e, ,g,e,t,s, ,t,h,e, ,m,o,n,e,y,., , ,T,H,e,y,',l,l, ,n,e,v,e,r, ,c,h,a,l,l,e,n,g,e, ,h,e,r, ,o,n, ,t,h,e, ,l,e,f,t,., , ,A,O,C, ,b,e,n,d,s, ,t,o, ,h,e,r,.
i, ,k,n,o,w, ,a, ,c,e,r,t,a,i,n, ,t,w,i,t,c,h, ,p,e,r,s,o,n, ,t,h,a,t, ,d,e,f,e,n,d,s, ,t,h,i,s, ,E,g,y,p,t,i,a,n, ,m,u,m,m,y, ,e,v,e,r,y, ,c,h,a,n,c,e, ,h,e, ,g,e,t,s,.,.,.
S,h,e,s, ,a, ,t,y,p,i,c,a,l, ,s,e,l,f, ,s,e,r,v,i,n,g, ,c,a,r,e,e,r, ,p,o,l,i,t,i,c,i,a,n, ,i,n, ,i,t, ,f,o,r, ,h,e,r, ,o,w,n, ,e,n,d,s, ,t,o, ,f,e,a,t,h,e,r, ,h,e,r, ,o,w,n, ,n,e,s,t,., ,H,o,w, ,p,e,o,p,l,e, ,h,a,v,e, ,b,e,e,n, ,f,o,o,l,e,d, ,b,y, ,h,e,r, ,s,o, ,l,o,n,g, ,s,h,o,w,s, ,h,o,w, ,e,a,s,y, ,i,t, ,i,s, ,t,o, ,b,r,a,i,n,w,a,s,h, ,p,e,o,p,l,e,.
T,r,u,m,p, ,a,d,s, ,a,r,e, ,s,t,r,a,i,g,h,t, ,s,a,v,a,g,e,",", ,üñï, ,N,a,n,c,y, ,P,e,l,o,s,i, ,i,c,e, ,c,r,e,a,m, ,f,e,t,i,s,h,",", ,w,h,i,l,e, ,m,i,l,l,i,o,n,s, ,a,r,e, ,s,t,a,r,v,i,n,g,., ,G,e,t, ,h,e,r, ,O,U,T, ,O,F, ,O,F,F,I,C,E, ,N,O,W,!,!,!,!
W,h,a,t, ,d,o,e,s, ,t,h,a,t, ,s,a,y,?, ,I,t, ,s,a,y,s, ,t,h,a,t, ,R,e,p,u,b,l,i,c,a,n,s, ,a,r,e, ,c,o,m,p,l,e,t,e,l,y, ,a,w,a,r,e, ,o,f, ,h,o,w, ,e,v,i,l, ,t,h,e,y, ,a,r,e,",", ,a,n,d, ,D,e,m,o,c,r,a,t,s, ,a,r,e,n,',t,.
D,o,n,a,t,e, ,t,o, ,S,h,a,h,i,d, ,B,u,t,t,a,r,!
J,e,e,z,u,s, ,f,u,c,k, ,t,h,a,t, ,i,s, ,g,o,n,n,a, ,b,e, ,e,f,f,e,c,t,i,v,e
A,t, ,l,e,a,s,t, ,R,e,p,u,b,l,i,c,a,n,s, ,j,u,s,t, ,s,p,i,t, ,i,n, ,y,o,u,r, ,f,a,c,e, ,a,n,d, ,t,e,l,l, ,y,o,u, ,t,o, ,g,o, ,f,u,c,k, ,y,o,u,r,s,e,l,f,., ,D,e,m,o,c,r,a,t,s, ,w,i,l,l, ,s,h,i,t, ,i,n, ,y,o,u,r, ,h,a,n,d,s, ,a,n,d, ,i,n,s,i,s,t, ,y,o,u, ,c,l,a,p,.
W,h,e,n, ,I, ,s,a,y,",", ,"""",e,a,t, ,t,h,e, ,r,i,c,h,",","""", ,I, ,i,n,c,l,u,d,e, ,t,h,i,s, ,g,r,a,d,e,-,A, ,c,u,n,t,.
I, ,w,a,s, ,a, ,h,u,g,e, ,O,b,a,m,a, ,f,a,n, ,-, ,I, ,a,m, ,a, ,h,u,g,e, ,B,e,r,n,i,e, ,f,a,n,., ,A,s, ,m,u,c,h, ,a,s, ,I, ,d,i,s,l,i,k,e, ,T,r,u,m,p, ,(,a,n,d, ,I, ,d,o,;, ,c,l,i,m,a,t,e, ,c,h,a,n,g,e, ,i,s, ,t,h,e, ,m,o,s,t, ,i,m,p,o,r,t,a,n,t, ,i,s,s,u,e, ,f,o,r, ,m,e,),",", ,I, ,m,u,c,h, ,p,r,e,f,e,r, ,T,r,u,m,p, ,t,o, ,P,e,l,o,s,i,.
L,e,a,v,e, ,t,h,e, ,o,l,d, ,l,a,d,y, ,a,l,o,n,e, ,p,l,e,a,s,e,.
I, ,w,o,u,l,d, ,e,x,p,e,c,t, ,t,h,i,s, ,f,r,o,m, ,s,o,m,e,o,n,e, ,w,i,t,h, ,a, ,m,o,r,b,i,d,l,y, ,i,n,a,c,t,i,v,e, ,b,r,a,i,n,.,.,.,T,E,R,M, ,L,I,M,I,T,S,?,?,?,?,?,?, ,A,b,s,o,l,u,t,e,l,y,.,.,.
S,a,m,e, ,a,s, ,i,n, ,U,K,"
",L,a,b,o,u,r, ,P,a,r,t,y, ,l,e,d, ,b,y, ,S,i,r, ,K,i,e,r, ,S,t,a,r,m,e,r, ,a,n,d, ,c,o,n,t,a,i,n,i,n,g, ,a, ,c,a,b,i,n,e,t, ,t,h,a,t, ,i,n,c,l,u,d,e,s, ,L,a,d,y, ,N,u,g,e,e, ,a,k,a, ,E,m,i,l,y, ,T,h,o,r,n,b,u,r,y,"
",D,i,a,n,e, ,A,b,b,o,t, ,a, ,t,h,i,c,k, ,u,n,i,n,t,e,l,l,i,g,e,n,t, ,r,a,c,e, ,b,a,i,t,e,r,"
",(,s,e,e, ,t,h,e, ,v,i,d,e,o,s,), ,a,n,d, ,D,a,v,i,d, ,L,a,m,m,y, ,a,n, ,o,u,t, ,a,n,d, ,o,u,t, ,r,a,c,e, ,b,a,i,t,e,r, ,w,h,o,s,e, ,a,n,s,w,e,r, ,t,o, ,e,v,e,r,y,t,h,i,n,g, ,i,s, ,t,o, ,s,h,o,u,t, ,r,a,c,i,s,t,"
",T,h,e,y, ,a,r,e, ,a,l,s,o, ,t,h,e, ,o,n,l,y, ,p,o,l,i,t,i,c,a,l, ,p,a,r,t,y, ,a,p,a,r,t, ,f,r,o,m, ,t,h,e, ,r,e,a,l,l,y, ,f,a,r, ,r,i,g,h,t, ,B,N,P, ,t,o, ,b,e, ,i,n,v,e,s,t,i,g,a,t,e,d, ,b,y, ,t,h,e, ,H,u,m,a,n, ,R,i,g,h,t,s, ,C,o,m,m,i,s,s,i,o,n, ,f,o,r, ,a,n,t,i, ,s,e,m,i,t,i,s,m,"
",A, ,t,r,u,e, ,p,a,r,t,y, ,f,o,r, ,t,h,e, ,p,e,o,p,l,e,"
",O,h, ,a,n,d, ,y,o,u,r, ,w,e,l,c,o,m,e, ,t,o, ,C,o,r,d,o,n,"
",H,e,',s, ,a, ,c,o,m,p,l,e,t,e, ,f,u,c,k, ,w,i,t,.
n,a,n,c,y, ,p,e,l,o,s,i, ,n,e,t, ,w,o,r,t,h,:, ,1,0,0, ,m,i,l,l,i,o,n, ,d,o,l,l,a,r,s
S,h,e, ,h,a,s, ,h,e,a,p,s, ,o,f, ,c,a,n,d,y,",", ,l,i,k,e, ,t,h,e, ,s,t,o,r,y,b,o,o,k, ,w,i,t,c,h, ,s,h,e, ,i,s,.
F,u,c,k, ,t,h,a,t, ,d,i,s,g,u,s,t,i,n,g, ,c,u,n,t,!
J,D,:, ,"""",S,h,e, ,h,a,s, ,m,o,r,e, ,i,c,e, ,c,r,e,a,m, ,t,h,a,n, ,t,h,e, ,7,-,1,1, ,d,o,e,s,.,.,.,"""", , ,f,',n, ,p,r,i,c,e,l,e,s,s,!,!,!, , , ,B,t,w,/, ,t,h,i,s, ,w,o,m,a,n, ,i,s, ,w,o,r,t,h, ,s,e,v,e,r,a,l, ,h,u,n,d,r,e,d,s, ,o,f, ,m,i,l,l,i,o,n,s, ,o,f, ,$,$,$,',s,., , ,T,h,e, ,o,n,l,y, ,w,o,r,k,e,r, ,s,h,e,',s, ,f,o,r, ,i,s, ,t,h,e, ,o,n,e, ,s,h,e,',s, ,$,h,i,t,t,i,n, ,o,n, ,w,h,e,n, ,s,h,e,',s, ,t,h,r,o,w,i,n, ,d,o,w,n, ,t,h,e,s,e, ,n,o,n,s,e,n,s,e, ,b,i,l,l,s, ,t,h,a,t, ,o,n, ,s,u,r,f,a,c,e, ,a,r,e, ,d,o,i,n,g, ,l,i,t,t,l,e,",", ,b,u,t, ,d,o,i,n,g, ,a, ,l,o,t, ,f,o,r, ,"""",h,e,r, ,h,u,n,d,r,e,d, ,m,i,l,l,i,o,n, ,$, ,c,r,o,w,d,"""",.,.,.
J,u,s,t, ,F,Y,I,",", ,t,h,o,s,e, ,r,e,f,r,i,g,e,r,a,t,o,r,s, ,b,o,t,h, ,c,o,s,t, ,a,b,o,u,t, ,$,3,5,",",0,0,0,.,0,0,., ,P,l,e,a,s,e, ,w,a,k,e, ,u,p, ,A,m,e,r,i,c,a,.,.,.,.,.,.,.,t,h,e,s,e, ,p,e,o,p,l,e, ,a,r,e, ,s,o, ,c,l,u,e,l,e,s,s,",", ,s,o, ,o,u,t, ,o,f, ,t,o,u,c,h,.
T,h,a,t, ,i,s, ,s,o, ,s,a,d, ,t,h,a,t, ,s,h,e, ,d,o,e,s, ,c,a,r,e, ,f,o,r, ,t,h,e, ,A,m,e,r,i,c,a, ,p,e,o,p,l,e, ,w,e, ,v,o,t,e,d, ,i,n, ,a,n,d, ,w,e, ,v,o,t,e, ,y,o,u, ,o,u,t, ,a,n,d, ,t,h,a,t, ,w,i,l,l, ,h,a,p,p,e,n, ,y,o,u, ,c,a,l,l, ,y,o,u,r,s,e,l,f, ,a, ,c,a,t,h,o,l,i,c, ,w,h,e, ,i,s, ,t,o, ,s,u,p,p,o,s,e, ,h,e,l,p, ,t,h,e, ,p,o,o,r, ,a,n,d, ,h,u,n,g,r,y, ,p,e,o,p,l,e
T,h,e, ,w,o,r,l,d, ,n,e,e,d,s, ,a, ,r,e,s,e,t, ,f,o,r, ,s,u,r,e,., ,E,v,e,r,y, ,g,o,v,e,r,n,m,e,n,t, ,n,e,e,d,s, ,t,o, ,b,e, ,r,e,p,l,a,c,e,d
O,n,e, ,i,s, ,a, ,f,r,i,d,g,e, ,t,h,e, ,o,t,h,e,r, ,i,s, ,a, ,f,r,e,e,z,e,r,.,.,.,j,u,s,t, ,s,a,y,i,n,g
F,u,c,k,i,n,g, ,s,i,c,k
T,r,u,m,p, ,a,l,s,o, ,g,e,t,s, ,a, ,s,a,l,a,r,y, ,o,f, ,$,1,/,y,e,a,r, ,f,o,r, ,h,i,s, ,P,r,e,s,i,d,e,n,c,y,., ,H,o,w, ,m,a,n,y, ,o,t,h,e,r, ,i,n,c,r,e,d,i,b,l,y, ,w,e,a,l,t,h,y, ,p,o,l,i,t,i,c,i,a,n,s, ,g,a,v,e, ,u,p, ,t,h,e,i,r, ,g,o,v,e,r,n,m,e,n,t, ,s,a,l,a,r,i,e,s,?, ,O,h,!, ,T,h,a,t,‚Äô,s, ,r,i,g,h,t,",", ,Z,E,R,O,!,!,!
T,h,e,y, ,c,o,m,p,l,a,i,n, ,a,b,o,u,t, ,r,e,p,u,b,l,i,c,a,n,s, ,a,n,d, ,t,r,u,m,p, ,b,e,i,n,g, ,c,o,r,r,u,p,t, ,a,n,d, ,h,o,w, ,w,e, ,n,e,e,d, ,t,h,e,m, ,o,u,t, ,w,h,i,l,e, ,a,c,t,i,n,g, ,l,i,k,e, ,t,h,e,y, ,a,r,e, ,f,o,r, ,t,h,e, ,p,e,o,p,l,e, ,w,h,e,n, ,i,n, ,r,e,a,l,i,t,y, ,t,h,e,y, ,a,r,e, ,r,o,b,b,i,n,g, ,a,n,d, ,s,c,r,e,w,i,n,g, ,t,h,e, ,A,m,e,r,i,c,a,n, ,p,e,o,p,l,e, ,i,n, ,f,r,o,n,t, ,o,f, ,t,h,e,r,e, ,f,a,c,e,., ,C,o,r,r,u,p,t,i,o,n, ,i,s, ,a,n, ,i,n,f,e,c,t,i,o,n, ,i,n, ,g,o,v,e,r,n,m,e,n,t, ,i,n,f,e,c,t,i,n,g, ,t,h,e,m, ,o,n,e, ,b,y, ,o,n,e, ,d,o,w,n, ,t,h,e, ,l,i,n,e,., ,A, ,n,e,w, ,f,a,c,e, ,g,e,t,s, ,i,n, ,a,n,d, ,w,a,n,t,s, ,t,o, ,w,o,r,k, ,f,o,r, ,t,h,e, ,p,e,o,p,l,e, ,a,n,d, ,i,n, ,a, ,c,o,u,p,l,e, ,y,e,a,r,s, ,t,h,e,y, ,f,a,l,l, ,i,n, ,l,i,n,e, ,w,i,t,h, ,e,v,e,r,y,o,n,e, ,e,l,s,e, ,i,n, ,g,o,v,e,r,n,m,e,n,t, ,a,n,d, ,e,n,d, ,u,p, ,c,o,r,r,u,p,t, ,l,i,k,e, ,t,h,e, ,o,t,h,e,r,s,.
I,t, ,j,u,s,t, ,s,h,o,w,s, ,h,o,w, ,m,u,c,h, ,o,f, ,h,y,p,o,c,r,i,t,e,s, ,t,h,e,y, ,a,r,e, ,a,n,d, ,t,h,e,r,e, ,a,r,e, ,h,y,p,o,c,r,i,t,e,s, ,o,n, ,b,o,t,h, ,s,i,d,e,s,., ,H,o,w, ,a,n,y,o,n,e, ,c,a,n, ,b,e,c,o,m,e, ,a, ,m,i,l,l,i,o,n,a,i,r,e, ,w,h,i,l,e, ,h,o,l,d,i,n,g, ,o,f,f,i,c,e, ,o,n, ,a, ,s,e,n,a,t,e, ,o,r, ,h,o,u,s,e, ,s,a,l,a,r,y, ,i,s, ,b,e,y,o,n,d, ,m,e,., ,T,h,e,y, ,e,i,t,h,e,r, ,d,i,d, ,s,o,m,e,t,h,i,n,g, ,i,l,l,e,g,a,l, ,o,r, ,c,o,r,r,u,p,t, ,o,r, ,b,o,t,h, ,a,n,d, ,t,h,e,y, ,d,o,n,‚Äô,t, ,e,v,e,n, ,h,i,d,e, ,t,h,a,t, ,t,h,e,y, ,a,r,e, ,r,i,c,h, ,n,o,w, ,w,h,i,l,e, ,h,o,l,d,i,n,g, ,o,f,f,i,c,e,., ,I, ,t,h,i,n,k, ,a,t, ,t,h,i,s, ,p,o,i,n,t, ,w,e, ,n,e,e,d, ,t,o, ,r,e,s,e,t,., ,E,v,e,r,y,o,n,e, ,i,n, ,o,f,f,i,c,e, ,n,o,w, ,n,e,e,d,s, ,t,o, ,g,o, ,a,n,d, ,t,h,e, ,c,o,u,n,t,r,y, ,s,h,o,u,l,d, ,v,o,t,e, ,o,n, ,a, ,w,h,o,l,e, ,n,e,w, ,h,o,u,s,e,",", ,s,e,n,a,t,e, ,a,n,d, ,p,r,e,s,i,d,e,n,t,., ,S,t,a,r,t, ,i,t, ,a,l,l, ,o,v,e,r, ,a,n,d, ,h,e,l,l, ,w,e, ,c,a,n, ,g,e,t, ,r,i,d, ,o,f, ,t,h,e, ,2, ,p,a,r,t,i,e,s, ,t,o,o, ,a,n,d, ,m,a,k,e, ,n,e,w, ,p,a,r,t,i,e,s, ,b,u,t, ,t,h,a,t, ,w,o,u,l,d, ,n,e,v,e,r, ,h,a,p,p,e,n,., ,W,e, ,w,o,u,l,d, ,h,a,v,e, ,a, ,c,i,v,i,l, ,w,a,r, ,b,e,f,o,r,e, ,a,n,y,o,n,e, ,a,l,l,o,w,e,d, ,t,h,e, ,A,m,e,r,i,c,a,n, ,p,e,o,p,l,e, ,t,o, ,r,e,s,t,a,r,t, ,a,n,d, ,s,t,a,r,t, ,o,v,e,r, ,w,i,t,h, ,a,l,l, ,n,e,w, ,p,e,o,p,l,e,.
B,e,r,n,i,e, ,b,r,o,‚Äô,s, ,a,r,e, ,p,e,t,u,l,a,n,t, ,t,h,o,u,g,h,., ,T,h,e, ,f,a,c,t, ,t,h,a,t, ,p,e,o,p,l,e, ,c,a,n,‚Äô,t, ,r,e,l,i,a,b,l,y, ,g,u,e,s,s, ,t,h,a,t, ,p,r,o,g,r,e,s,s,i,v,e, ,p,o,p,u,l,i,s,t,s, ,w,o,u,l,d,n,‚Äô,t, ,c,o,n,s,i,d,e,r, ,g,i,v,i,n,g, ,a, ,p,u,b,e,s,c,e,n,t, ,c,h,i,l,d, ,h,o,r,m,o,n,e, ,b,l,o,c,k,e,r,s, ,s,c,a,r,e,s, ,p,e,o,p,l,e,., ,M,i,n,i,m,i,z,e, ,i,t, ,a,l,l, ,y,o,u, ,w,a,n,t,",", ,b,u,t, ,i,t, ,i,s,n,‚Äô,t, ,j,u,s,t, ,c,o,r,r,u,p,t,i,o,n, ,a,m,o,n,g, ,T,h,i,r,d, ,W,a,y, ,l,i,b,e,r,a,l,s,., ,I,t,‚Äô,s, ,a,l,s,o, ,a,b,o,u,t, ,o,p,t,i,c,s, ,a,n,d, ,u,n,c,a,n,n,y, ,i,d,e,o,l,o,g,y,.
T,h,i,s, ,a,d, ,g,e,t,s, ,b,e,t,t,e,r, ,a,n,d, ,b,e,t,t,e,r, ,a,s, ,t,h,e, ,D,e,m,o,c,r,a,t,s, ,k,e,e,p, ,r,e,f,u,s,i,n,g, ,t,o, ,r,e,o,p,e,n, ,t,h,e, ,e,c,o,n,o,m,y, ,f,o,r, ,p,o,l,i,t,i,c,a,l, ,"""",g,a,i,n,z,"""",., ,I,',v,e, ,b,e,e,n, ,o,u,t, ,o,f, ,w,o,r,k, ,f,o,r, ,t,w,o, ,m,o,n,t,h,s, ,n,o,w,",", ,f,e,e,l,s, ,l,i,k,e, ,e,i,g,h,t,., ,C,a,n,',t, ,e,v,e,n, ,g,o, ,t,o, ,t,h,e, ,g,y,m, ,t,o, ,v,e,n,t, ,s,o,m,e, ,f,r,u,s,t,r,a,t,i,o,n,., ,I,',m, ,l,u,c,k,y, ,e,n,o,u,g,h, ,t,o, ,h,a,v,e, ,s,o,m,e, ,s,a,v,i,n,g,s,",", ,b,u,t, ,i,f, ,I, ,d,o,n,',t, ,h,a,v,e, ,n,e,w, ,m,o,n,e,y, ,c,o,m,i,n,g, ,i,n, ,I, ,f,e,e,l, ,l,i,k,e, ,I,',m, ,a,l,r,e,a,d,y, ,d,e,a,d,., ,I, ,d,o,n,',t, ,m,a,k,e, ,$,1,0,0,k, ,f,o,r, ,2,0, ,m,i,n,u,t,e, ,s,p,e,e,c,h,e,s, ,l,i,k,e, ,t,h,e,s,e, ,p,o,l,i,t,i,c,i,a,n,s,., ,I, ,h,a,v,e, ,f,r,i,e,n,d,s, ,w,i,t,h, ,h,u,g,e, ,c,r,e,d,i,t, ,c,a,r,d, ,d,e,b,t,",", ,i,f, ,t,h,e,y, ,l,o,s,e, ,t,h,e,i,r, ,j,o,b,s, ,t,h,e,y, ,a,r,e, ,d,o,n,e, ,f,o,r,., ,T,h,e, ,l,o,n,g,e,r, ,t,h,i,s, ,g,o,e,s, ,o,n,",", ,t,h,e, ,m,o,r,e, ,w,e, ,r,i,s,k,., ,W,e, ,n,e,e,d, ,t,o, ,b,e, ,a,b,l,e, ,t,o, ,g,o, ,b,a,c,k, ,t,o, ,w,o,r,k,., ,W,e, ,c,a,n, ,h,a,v,e, ,s,a,f,e,t,y, ,m,e,a,s,u,r,e,s,",", ,a,n,d, ,o,n, ,p,r,i,v,a,t,e, ,p,r,o,p,e,r,t,y, ,y,o,u, ,c,a,n, ,b,a,n, ,p,e,o,p,l,e, ,t,h,a,t, ,d,o,n,',t, ,h,a,v,e, ,m,a,s,k,s,",", ,e,t,c,.
J,i,m,m,y,",", ,I, ,l,o,v,e, ,t,h,a,t, ,y,o,u,',r,e, ,n,o,t, ,t,r,y,i,n,g, ,t,o, ,s,e,l,l, ,a,n,y,t,h,i,n,g, ,s,i,n,c,e, ,n,o,b,o,d,y, ,h,a,s, ,a,n,y, ,m,o,n,e,y, ,o,r, ,j,o,b,., ,A,l,l, ,t,h,e,s,e, ,w,o,o, ,w,o,o, ,n,e,w, ,a,g,e,s, ,a,r,e, ,t,r,y,i,n,g, ,t,o, ,c,h,a,r,g,e, ,u,s, ,m,o,n,e,y, ,f,o,r, ,t,h,e,i,r, ,h,e,l,p
I,f, ,I, ,d,i,d,n,',t, ,h,a,t,e, ,y,o,u,r, ,b,y, ,n,o,w,",", ,I, ,s,u,r,e, ,a,s, ,h,e,c,k, ,t,o, ,d,o, ,a,f,t,e,r, ,t,h,i,s,!
H,a,t,e, ,h,i,m, ,o,r, ,n,o,t, ,T,R,U,M,P,2,0,2,0
1,:,5,2, ,T,h,e, ,D,e,m,o,c,r,a,t,s, ,s,t,o,p,p,e,d, ,b,e,i,n,g, ,"""",t,h,e, ,w,o,r,k,e,r, ,p,a,r,t,y,"""", ,a, ,v,e,r,y, ,l,o,n,g, ,t,i,m,e, ,a,g,o,., ,T,h,e, ,R,e,p,u,b,l,i,c,a,n,s, ,a,r,e, ,c,u,r,r,e,n,t,l,y, ,m,o,r,e, ,o,f, ,a, ,w,o,r,k,e,r, ,p,a,r,t,y, ,t,h,a,n, ,t,h,e, ,D,e,m,s,.
S,h,e, ,c,o,u,l,d, ,s,e,n,d, ,v,i,d,e,o,s, ,o,f, ,c,o,m,f,o,r,t, ,t,o, ,s,t,a,r,v,i,n,g, ,p,e,o,p,l,e, ,o,f, ,h,e,r, ,e,a,t,i,n,g, ,t,h,e, ,i,c,e, ,c,r,e,a,m, ,.,.,., ,t,h,a,t, ,w,o,u,l,d, ,b,e, ,v,e,r,y, ,t,h,o,u,g,h,t,f,u,l, ,a,n,d, ,h,u,m,a,n,i,t,a,r,i,a,n
T,h,o,s,e, ,f,r,i,d,g,e,s, ,a,r,e, ,c,a,l,l,e,d, ,"""", ,s,u,b, ,z,e,r,o,"""", ,f,r,i,d,g,e,s, ,.,.,.,., ,l,o,o,k, ,t,h,e,m, ,u,p, ,o,n, ,G,o,o,g,l,e, ,.,.,., ,e,v,e,r,y, ,h,o,u,s,e, ,i,n, ,C,o,m,p,t,o,n, ,s,h,o,u,l,d, ,o,w,n, ,o,n,e, ,.,.,.,., ,b,u,t, ,t,h,e, ,h,o,u,s,e,s, ,c,o,s,t, ,a,s, ,m,u,c,h, ,a,s, ,t,h,o,s,e, ,f,r,i,d,g,e,s, ,i,n, ,t,h,a,t, ,p,a,r,t, ,o,f, ,t,o,w,n
N,a,n,c,y, ,P,e,l,o,s,i,-, ,P,o,s,t,e,r, ,c,h,i,l,d, ,f,o,r, ,T,E,R,M,-,L,I,M,I,T,S,!,!,!,!, ,A,n,o,t,h,e,r, ,p,u,b,l,i,c, ,s,e,r,v,a,n,t, ,s,e,r,v,i,n,g, ,h,e,r,s,e,l,f,., ,F,i,r,s,t, ,e,l,e,c,t,e,d, ,i,n, ,1,9,8,7,.,"
",a,n,d, ,O,l,e, ,J,o,e, ,i,n, ,p,u,b,l,i,c, ,s,e,r,v,i,c,e, ,s,i,n,c,e, ,1,9,7,3,., ,T,a,l,k, ,a,b,o,u,t, ,o,u,t, ,o,f, ,t,o,u,c,h,., ,T,E,R,M, ,L,I,M,I,T,S, ,a,l,l, ,a,r,o,u,n,d, ,b,o,t,h, ,R,/,D,.
A,s, ,a, ,s,e,r,i,o,u,s, ,c,o,n,s,e,r,v,a,t,i,v,e,",", ,I,',m, ,r,e,a,l,l,y, ,e,n,j,o,y,i,n,g, ,J,i,m,m,y, ,D,o,r,e,',s, ,p,o,i,n,t, ,o,f, ,v,i,e,w,.
üá¶,üáπ, ,F,r,i,e,n,d,s, ,s,t,a,y,s, ,r,e,l,a,x,e,d,., , ,E,v,e,r,y, ,g,o,v,e,r,n,m,e,n,t, ,i,n, ,t,h,e, ,U,n,i,t,e,d, ,S,t,a,t,e,s,",", ,w,i,t,h, ,t,h,e, ,s,u,p,p,o,r,t, ,o,f, ,M,S,M,",", ,s,a,l,e,s, ,s,h,i,t, ,f,o,r, ,c,h,o,c,o,l,a,t,e, ,p,u,d,d,i,n,g, ,t,o, ,t,h,e, ,b,r,a,i,n,-,d,e,a,d, ,v,o,t,e,r,s
L,e,t, ,t,h,e,m, ,e,a,t, ,c,a,k,e,.
Y,o,u, ,N,E,E,D, ,a, ,s,h,o,w, ,o,n, ,f,o,x, ,o,r, ,s,o,m,e,t,h,i,n,g,.
T,h,i,s, ,p,e,r,s,o,n, ,i,s, ,t,h,e, ,t,h,i,r,d, ,i,n, ,l,i,n,e, ,t,o, ,t,h,e, ,P,r,e,s,i,d,e,n,c,y,., , ,S,o, ,o,u,t, ,o,f, ,t,o,u,c,h, ,w,i,t,h, ,s,o,c,i,e,t,y, ,r,i,g,h,t, ,n,o,w,., ,A,l,l, ,t,h,a,t, ,I,c,e, ,C,r,e,a,m, ,w,a,s, ,p,a,i,d, ,f,o,r, ,b,y, ,y,o,u,r, ,t,a,x, ,d,o,l,l,a,r,s,.,"
",S,T,O,P, ,V,O,T,I,N,G, ,F,O,R, ,E,V,I,L, ,C,O,R,R,U,P,T, ,P,E,O,P,L,E,!,!,!
"""",.,.,.,a,n,d, ,i,t, ,l,a,n,d,s,.,.,.,"""",",", ,a,n,d, ,h,e,',l,l, ,k,e,e,p, ,v,o,t,i,n,g, ,f,o,r, ,t,h,e,m, ,w,h,i,l,e, ,b,i,t,c,h,i,n,g, ,t,o, ,f,e,i,g,n, ,o,u,t,r,a,g,e,., ,T,h,e, ,h,y,p,o,c,r,i,s,y, ,o,f, ,t,h,e, ,l,e,f,t,.,.,.
T,h,e,y,',r,e, ,w,o,r,t,h,l,e,s,s,",", ,t,h,e,y,',r,e, ,a,b,s,o,l,u,t,e,l,y, ,w,o,r,t,h,l,e,s,s,., ,F,u,c,k,i,n,g, ,p,r,i,n,t, ,t,h,a,t, ,o,n, ,t,h,e, ,d,o,l,l,a,r, ,b,i,l,l,.
M,y, ,1,2,0,0, ,f,r,i,d,g,e, ,d,o,n,',t, ,e,v,e,n, ,c,o,m,e, ,c,l,o,s,e, ,t,o, ,l,o,o,k,i,n,g, ,a,s, ,n,i,c,e, ,a,s, ,t,h,o,s,e, ,m,a,y,b,e, ,I, ,g,o,t, ,f,i,n,e,s,s,e,d,.
I,f, ,T,r,u,m,p, ,w,e,r,e, ,d,o,i,n,g, ,w,h,a,t, ,P,e,l,o,s,i, ,j,u,s,t, ,d,i,d,",", ,t,h,e, ,l,i,b,e,r,a,l, ,m,e,d,i,a, ,W,O,U,L,D, ,b,e, ,f,r,e,a,k,i,n,g, ,o,u,t,.,"
",C,N,N, ,w,o,u,l,d, ,s,h,o,w, ,c,l,i,p,s, ,o,f, ,s,t,a,r,v,i,n,g, ,c,h,i,l,d,r,e,n, ,i,n, ,a,f,r,i,c,a, ,a,n,d, ,c,l,a,i,m,i,n,g, ,t,h,e,y, ,w,e,r,e, ,U,S, ,c,i,t,i,z,e,n,s, ,d,y,i,n,g,.
S,h,e, ,i,s, ,w,e,a,r,i,n,g, ,h,e,r, ,s,w,e,a,t,e,r, ,o,n, ,h,e,r, ,s,h,o,u,l,d,e,r,s, ,l,i,k,e, ,a,n, ,8,0,s, ,p,r,e,p,-,s,c,h,o,o,l,e,r,., ,N,O, ,N,O,R,M,A,L, ,P,E,R,S,O,N, ,E,V,E,R, ,d,o,e,s, ,t,h,a,t, ,w,i,t,h, ,a, ,s,w,e,a,t,e,r,.
D,e,m,o,c,r,a,t,s, ,a,r,e, ,j,u,s,t, ,J,u,n,i,o,r, ,V,a,r,s,i,t,y, ,R,e,p,u,b,l,i,c,a,n,s
J,i,m,m,y,",", ,I,',m, ,a, ,c,o,n,s,e,r,v,a,t,i,v,e, ,b,u,t, ,y,o,u, ,m,a,k,e, ,a, ,w,h,o,l,e, ,l,o,t, ,o,f, ,s,e,n,s,e, ,a,n,d, ,I, ,a,p,p,l,a,u,d, ,y,o,u,r, ,b,r,a,v,e,r,y, ,i,n, ,s,p,e,a,k,i,n,g, ,t,r,u,t,h, ,t,o, ,p,o,w,e,r,",", ,i,n,c,l,u,d,i,n,g, ,t,h,e, ,c,o,r,r,u,p,t,",", ,w,o,r,t,h,l,e,s,s, ,D,N,C,.
a,m,a,z,i,n,g,.
A,n,d, ,t,h,e,s,e, ,a,r,e, ,t,h,e, ,p,e,o,p,l,e, ,y,o,u, ,v,o,t,e, ,f,o,r,!, ,j,i,m,m,y
T,h,e, ,M,a,r,i,e, ,A,n,t,o,i,n,e,t,t,e, ,o,f, ,t,h,e, ,D,e,m,o,c,r,a,t, ,P,a,r,t,y,.,.,., ,"""",l,e,t, ,t,h,e,m, ,e,a,t, ,c,a,k,e,.,"""", , ,(,A,r,e, ,g,u,i,l,l,o,t,i,n,e,s, ,i,l,l,e,g,a,l, ,t,h,e,s,e, ,d,a,y,s,?,?,?,.,.,.,j,u,s,t, ,a,s,k,i,n,', ,y,a, ,k,n,o,w,?,)
W,h,o, ,w,o,u,l,d, ,v,o,t,e, ,f,o,r, ,t,h,i,s, ,p,i,e,c,e, ,o,f, ,s,h,i,t,?,?,?
t,h,a,t,s, ,h,e,r, ,p,l,a,y,i,n,g, ,t,h,e, ,v,i,o,l,i,n, ,a,s, ,r,o,m,e, ,b,u,r,n,s, ,m,a,n,",", ,t,h,a,t,s, ,p,e,r,f,e,c,t,.
',T,h,e, ,V,i,e,w,', ,h,a,d, ,n,o, ,p,r,o,b,l,e,m, ,w,i,t,h, ,t,h,i,s,!,?,!,?,@,W,W,G,1,W,G,A
L,e,t,s, ,n,o,t, ,g,e,t, ,e,x,c,i,t,e,d, ,d,u,m,s,t,e,r,s,",", ,h,e, ,i,s, ,a,s, ,b,i,g, ,o,f, ,a, ,p,i,e,c,e, ,o,f, ,s,h,i,t, ,a,s, ,s,h,e, ,i,s,.
N,A,N,C,Y, ,A,N,T,O,I,N,E,T,T,E,., ,R,U,T,H,L,E,S,S,.
H,a,h,a,h,a,h,a
P,e,l,o,s,i, ,i,s, ,r,i,c,h,., ,E,v,e,r,y,o,n,e, ,s,h,o,u,l,d, ,a,s,p,i,r,e, ,t,o, ,b,e, ,c,a,r,e,e,r, ,p,o,l,i,t,i,c,i,a,n
W,e, ,g,o,t, ,P,r,e,s, ,T,r,u,m,p, ,b,e,c,a,u,s,e, ,t,h,i,s, ,c,o,u,n,t,r,y, ,n,e,e,d,e,d, ,P,r,e,s, ,T,r,u,m,p,.,"
","
",U,s,e,d, ,t,o, ,b,e, ,R,e,p,s, ,w,e,r,e, ,t,h,e, ,c,o,r,p,o,r,a,t,i,s,t,s, ,a,n,d, ,D,e,m,s, ,f,o,r, ,t,h,e, ,p,e,o,p,l,e,.,"
",N,o,w, ,t,h,e, ,R,e,p,s, ,a,r,e, ,t,h,e, ,N,a,t,i,o,n,a,l,i,s,t,s, ,w,i,t,h, ,U,S,A, ,p,r,i,d,e,;, ,a,n,d,",", ,t,h,e, ,D,e,m,s, ,a,r,e, ,t,h,e, ,a,n,t,i, ,U,S,A, ,G,l,o,b,a,l,i,s,t,s,:, ,o,n,e, ,w,o,r,l,d,",", ,o,n,e, ,n,e,w,s,",", ,o,n,e, ,r,e,l,i,g,i,o,n,",", ,o,n,e, ,i,n,t,e,r,s,e,c,t,i,o,n,a,l, ,n,o,n, ,g,e,n,d,e,r, ,s,p,e,c,i,f,i,c, ,(,t,h,i,n,k, ,s,e,x,l,e,s,s, ,a,l,i,e,n,), ,n,o,n, ,c,u,l,t,u,r,a,l, ,n,o,n, ,r,a,c,i,a,l, ,w,i,t,h, ,n,o, ,s,e,p,a,r,a,t,e, ,i,d,e,n,t,i,t,y, ,c,r,e,a,t,u,r,e,s,.
j,i,m,m,y,.,.,., ,y,o,u, ,s,t,i,l,l, ,h,a,v,e, ,m,i,s,s, ,s,t,e,f,!, ,"
",s,o, ,y,o,u, ,w,i,n,.
T,h,e, ,w,o,r,k,e,r,s, ,p,a,r,t,y, ,ü§£, ,c,o,u,l,d,n,t, ,e,v,e,n, ,s,a,y, ,t,h,a,t, ,w,i,t,h, ,a, ,s,t,r,a,i,g,h,t, ,f,a,c,e
S,h,e, ,i,s, ,s,o, ,d,i,s,c,u,s,t,i,n,g,., ,S,h,e, ,i,s, ,n,o,t, ,a, ,l,e,a,d,e,r,.
W,h,a,t, ,t,h,e, ,F,u,c,k, ,i,s, ,W,r,o,n,g, ,w,i,t,h, ,h,e,r,.
H,o,p,e, ,s,h,e, ,l,i,k,e,s, ,R,o,c,k,y, ,R,o,a,d, ,b,e,c,a,u,s,e, ,t,h,a,t,',s, ,w,h,a,t, ,s,h,e,',l,l, ,b,e, ,f,a,c,i,n,g, ,i,n, ,h,e,r, ,p,e,r,s,o,n,a,l, ,a,n,d, ,p,o,l,i,t,i,c,a,l, ,c,a,r,e,e,r,.
H,e,y, ,J,i,m,m,y, ,w,h,a,t,',s, ,g,o,i,n,g, ,o,n,?, ,W,e,l,l, ,y,e,a,h, ,P,e,l,o,s,i, ,i,s, ,o,u,t, ,o,f, ,t,o,u,c,h, ,I, ,A,b,s,o,l,u,t,e,l,y, ,a,g,r,e,e, ,w,i,t,h, ,y,o,u, ,b,u,t, ,w,h,a,t, ,a,b,o,u,t, ,t,r,u,m,p, ,s,i,n,c,e, ,M,e,n,t,i,o,n,e,d, ,h,i,m, ,s,o, ,h,e,',s, ,a, ,v,e,r,y, ,R,i,g,h,t,e,o,u,s, ,a,n,d, ,w,o,k,e, ,P,r,e,s,i,d,e,n,t,?, ,S,o, ,t,r,u,m,p, ,I,s, ,n,o,t, ,o,u,t, ,o,f, ,t,o,u,c,h, ,w,i,t,h, ,t,h,e, ,A,v,e,r,a,g,e, ,A,m,e,r,i,c,a,n,?, ,S,e,e, ,t,h,a,t,',s, , ,w,h,a,t, ,I, ,d,o,n,',t, ,u,n,d,e,r,s,t,a,n,d, ,y,o,u, ,a,l,w,a,y,s, ,C,r,i,t,i,c,i,z,e, ,a,n,y, ,D,e,m,o,c,r,a,t, ,f,o,r, ,t,h,e, ,S,l,i,g,h,t,e,s,t, ,r,e,a,s,o,n, ,a,l,t,h,o,u,g,h, ,r,i,g,h,t,f,u,l,l,y, ,s,o, ,i,t,',s, ,u,s,u,a,l,l,y, ,w,a,r,r,a,n,t,e,d, ,b,u,t, ,I, ,n,o,t,i,c,e, ,f,o,r, ,t,h,e, ,R,e,p,u,b,l,i,c,a,n,s, ,a,n,d, ,t,r,u,m,p, ,w,i,t,h, ,a,l,l, ,t,h,e,r,e, ,w,r,o,n,g,s, ,a,n,d, ,D,i,s,g,u,s,t,i,n,g, ,B,e,h,a,v,i,o,r, ,a,n,d, ,L,a,c,k, ,o,f, ,e,m,p,a,t,h,y, ,o,r, ,c,o,m,p,a,s,s,i,o,n, ,a,n,d, ,S,p,e,a,k,i,n,g, ,o,f, ,t,h,e, , ,N,a,r,c,i,s,s,i,s,t,i,c, ,M,o,r,o,n, ,t,h,a,t, ,S,h,i,t,s, ,o,n, ,a, ,G,o,l,d,e,n, ,T,o,i,l,e,t, ,i,t,',s, ,n,o,t, ,t,h,a,t, ,H,e, ,g,e,t,s, ,t,o, ,m,a,k,e, ,f,u,n, ,o,f, ,P,e,l,o,s,i, ,i,t,',s, ,t,h,a,t, ,H,e, ,m,a,k,e,s, ,f,u,n, ,o,f, ,a,n,y,o,n,e, ,t,h,a,t, ,h,e, ,d,o,e,s,n,',t, ,l,i,k,e, ,o,r, ,a,n,y,o,n,e, ,t,h,a,t, ,h,e, ,d,o,e,s,n,',t, ,a,g,r,e,e, ,w,i,t,h, ,w,h,e,t,h,e,r, ,t,h,e,y,',r,e, ,a, ,R,i,g,h,t,e,o,u,s, ,P,o,p,u,l,i,s,t, ,P,r,o,g,r,e,s,s,i,v,e, ,p,e,r,s,o,n, ,f,o,r, ,t,h,e, ,P,e,o,p,l,e, ,o,r, ,a, ,P,i,e,c,e, ,o,f, ,s,h,i,t, ,l,i,k,e, ,N,a,n,c,y, ,P,e,l,o,s,i, ,s,o, ,i,t, ,d,o,e,s,n,',t, ,m,a,t,t,e,r, ,t,o, ,t,r,u,m,p, ,a,n,d, ,y,o,u, ,i,f, ,y,o,u,',r,e, ,b,e,i,n,g, ,h,o,n,e,s,t, ,y,o,u, ,w,i,l,l, ,a,g,r,e,e, ,w,i,t,h, ,m,e, ,t,h,a,t, ,t,r,u,m,p, ,i,s, ,a, ,F,u,c,k,e,n, ,L,i,a,r, ,a, ,C,o,r,r,u,p,t, ,C,o,n, ,m,a,n, ,a, ,N,a,r,c,i,s,s,i,s,t, ,H,y,p,o,c,r,i,t,e, ,a,n,d, ,a, ,T,o,t,a,l, ,p,h,o,n,e,y, ,a,n,d, ,F,u,c,k,e,n, ,F,r,a,u,d, ,t,h,a,t, ,D,o,e,s,n,',t, ,g,i,v,e, ,a, ,S,h,i,t, ,a,b,o,u,t, ,a,n,y,o,n,e, ,b,u,t, ,h,i,m,s,e,l,f, ,h,e,',s, ,a, ,T,o,t,a,l, ,o,p,p,o,r,t,u,n,i,s,t, ,f,r,a,u,d,u,l,e,n,t, ,H,a,c,k, ,t,h,a,t, ,d,i,d, ,t,h,i,s, ,V,i,d,e,o, ,M,a,k,i,n,g, ,f,u,n, ,o,f, ,P,e,l,o,s,i, ,A,n,d, ,D,r,a,w,i,n,g, ,a,t,t,e,n,t,i,o,n, ,t,o, ,h,e,r, ,T,o,t,a,l, ,L,a,c,k, ,o,f, ,e,m,p,a,t,h,y, ,a,n,d, ,h,o,w, ,o,u,t, ,o,f, ,t,o,u,c,h, ,s,h,e, ,i,s, ,w,h,i,c,h, ,i,s, ,t,o,t,a,l,l,y, ,t,r,u,e, ,a,n,d, ,y,o,u,',r,e, ,a,b,s,o,l,u,t,e,l,y, ,c,o,r,r,e,c,t, ,t,o, ,t,a,l,k, ,a,b,o,u,t, ,t,h,i,s, ,a,n,d, ,S,o, ,w,a,s, ,t,r,u,m,p,y, ,b,u,t, ,t,h,e, ,t,h,i,n,g, ,a,b,o,u,t, ,t,h,i,s, ,o,r, ,R,a,t,h,e,r, ,s,a,i,d, ,a,b,o,u,t, ,t,r,u,m,p, ,b,r,i,n,g,i,n,g, ,a,t,t,e,n,t,i,o,n, ,t,o, ,t,h,i,s, ,i,s, ,t,h,a,t, ,i,t,',s, ,c,o,m,p,l,e,t,e, ,T,o,t,a,l, ,b,u,l,l,s,h,i,t, ,a,n,d, ,S,o, ,G,o,d, ,D,a,m,n, ,f,a,k,e, ,a,l,l, ,o,f, ,a, ,S,u,d,d,e,n, ,t,r,u,m,p, ,i,s, ,M,o,t,h,e,r, ,T,e,r,e,s,a, ,o,r, ,a,l,l, ,o,f, ,a, ,s,u,d,d,e,n, ,t,r,u,m,p, ,i,s, ,a, ,D,e,c,e,n,t, ,h,u,m,a,n, ,b,e,i,n,g, ,a,n,d, ,h,a,s, ,a, ,H,e,a,r,t, ,a,n,d, ,A,p,p,e,a,r,s, ,t,o, ,g,i,v,e, ,a, ,s,h,i,t, ,a,b,o,u,t, ,p,e,o,p,l,e, ,e,v,e,n, ,t,h,e, ,P,o,o,r, ,a,s, ,w,e,l,l, ,a,s, ,t,h,e, ,A,v,e,r,a,g,e, ,p,e,r,s,o,n, ,N,o, ,T,o,t,a,l, ,b,u,l,l,s,h,i,t,!, ,E,v,e,r,y,o,n,e, ,w,i,t,h, ,h,a,l,f, ,a, ,b,r,a,i,n, ,k,n,o,w,s, ,t,r,u,m,p, ,d,o,e,s,n,',t, ,g,i,v,e, ,a, ,s,h,i,t, ,a,b,o,u,t, ,a,n,y,o,n,e, ,b,u,t, ,h,i,m,s,e,l,f, ,w,i,t,h, ,e,x,c,e,p,t,i,o,n, ,t,o, ,m,a,y,b,e, ,h,i,s, ,r,i,c,h, ,f,r,i,e,n,d,s, ,o,r, ,h,i,s, ,w,e,a,l,t,h,y, ,d,o,n,o,r,',s, ,c,a,u,s,e, ,i,t, ,b,e,n,e,f,i,t,s, ,h,i,m, ,t,h,e, ,s,a,m,e, ,w,i,t,h, ,t,h,a,t, ,P,h,o,n,e,y, ,V,i,d,e,o, ,t,h,a,t, ,h,e, ,w,a,n,t,s, ,i,t, ,t,o, ,a,p,p,e,a,r, ,l,i,k,e, ,h,e, ,g,i,v,e,s, ,a, ,s,h,i,t, ,a,b,o,u,t, ,P,e,o,p,l,e, ,o,u,t, ,o,f, ,w,o,r,k, ,a,n,d, ,s,u,f,f,e,r,i,n,g, ,C,a,u,s,e, ,i,t, ,w,i,l,l, ,B,e,n,e,f,i,t, ,h,i,m, ,P,o,l,i,t,i,c,a,l,l,y, ,i,n, ,t,h,i,s, ,C,a,s,e,!, ,B,u,t, ,y,o,u,r, ,c,a,s,e, ,a,b,o,u,t, ,P,e,l,o,s,i, ,a,n,d, ,o,t,h,e,r, ,e,s,t,a,b,l,i,s,h,m,e,n,t, ,D,e,m,o,c,r,a,t,s, ,i,s, ,T,r,u,e, ,f,o,r, ,t,h,e, ,m,o,s,t, ,p,a,r,t, ,b,u,t, ,I, ,f,i,n,d, , ,i,t, ,o,d,d, ,t,h,a,t, ,y,o,u, ,n,e,v,e,r, ,o,r, ,F,o,r, ,t,h,e, ,m,o,s,t, ,p,a,r,t, ,n,e,v,e,r, ,t,h,a,t, ,y,o,u, ,h,a,r,d,l,y, ,e,v,e,r, ,h,a,v,e, ,a,n,y, ,s,h,a,r,p, ,R,e,b,u,k,e, ,o,r, ,C,r,i,t,i,c,i,s,m, ,f,o,r, ,t,h,e, , ,e,n,e,m,y, ,o,r, ,f,o,r, ,t,h,e, ,w,o,r,s,t, ,o,f, ,t,h,e,m, ,t,r,u,m,p, ,a,n,d, ,t,h,e, ,R,e,p,u,b,l,i,c,a,n,s, ,a,n,d, ,e,s,p,e,c,i,a,l,l,y, ,f,o,r, ,t,h,e, ,R,i,g,h,t, ,w,i,n,g, ,G,O,P, ,w,h,y, ,i,s, ,t,h,a,t, ,J,i,m,m,y,?
T,h,i,s, ,w,o,m,a,n, ,"""",s,k,e,l,e,t,o,r, ,"""", ,s,h,o,u,l,d, ,b,e, ,i,n, ,j,a,i,l,!,!,!
B,u,t, ,c,a,l,m, ,d,o,w,n, ,a,n,d, ,b,e, ,h,a,p,p,y, ,w,i,t,h, ,w,h,a,t,e,v,e,r, ,s,c,r,a,p,s, ,y,o,u,r, ,g,o,v,e,r,n,m,e,n,t, ,t,h,r,o,w,s, ,a,t, ,y,o,u
T,h,a,t, ,d,u,d,e, ,t,a,l,k,i,n,g, ,t,o, ,P,e,l,o,s,e,r, ,s,o,u,n,d,s, ,l,i,k,e, ,a, ,f,l,a,m,b,o,y,a,n,t, ,s,i,s,s,y,.,üòí,üòí,üòí,üòí
I, ,k,i,d, ,y,o,u, ,n,o,t,.,.,.,a, ,c,a,m,p,a,i,g,n, ,a,d, ,b,y, ,J,o,e, ,B,i,d,e,n, ,b,e,g,g,i,n,g, ,f,o,r, ,o,u,r, ,s,u,p,p,o,r,t, ,p,l,a,y,e,d, ,j,u,s,t, ,b,e,f,o,r,e, ,I, ,c,o,u,l,d, ,w,a,t,c,h, ,t,h,i,s, ,v,i,d,e,o,., ,W,T,F,?,?,?
W,a,i,t, ,h,o,w, ,y,o,u, ,g,e,t, ,i,c,e, ,c,r,e,a,m, ,t,h,r,o,u,g,h, ,t,h,e, ,m,a,i,l,?,?
T,w,o, ,$,1,2,k, ,r,e,f,r,i,g,e,r,a,t,o,r,s, ,i,n, ,v,i,e,w,.,.,.,t,h,a,t,‚Äô,s, ,n,o,t,h,i,n,g,!, ,S,h,e, ,w,o,r,k,e,d, ,h,a,r,d, ,f,o,r, ,e,v,e,r,y,t,h,i,n,g, ,s,h,e, ,h,a,s,",", ,s,h,e,‚Äô,s, ,b,e,e,n, ,h,o,n,e,s,t,",", ,f,a,i,r,",", ,a,n,d, ,i,s, ,p,u,t,t,i,n,g, ,u,s, ,b,e,f,o,r,e, ,h,e,r, ,o,w,n, ,n,e,e,d,s,., ,R,i,g,h,t,?, ,W,e, ,e,l,e,c,t,e,d, ,f,o,r, ,h,e,r, ,a,l,l, ,t,h,e,s,e, ,y,e,a,r,s,",", ,n,o,w, ,y,o,u, ,h,a,v,e, ,a, ,p,r,o,b,l,e,m,?
J,I,M, ,T,H,E,R,E, ,C,A,L,L,E,D, ,H,I,P,P,O,S, ,H,I,G,H, , ,I,N, , ,P,A,Y, , ,P,O,O,R, , ,O,N, , ,S,O,C,I,E,T,Y,",", , ,L,E,T,S, ,G,O, ,W,H,I,T,H, ,T,H,I,S, ,O,N,E
N,a,n,c,y, ,i,s, ,s,o, ,n,u,t,s, ,s,h,e, ,i,s, ,a, ,l,o,o,s,e,r,.,.,.,.
P,e,l,o,s,i, ,l,o,o,k,s, ,l,i,k,e, ,a,n, ,o,v,e,r,-,t,h,e,-,t,o,p, ,c,h,a,r,a,c,t,e,r, ,f,r,o,m, ,a, ,r,i,d,i,c,u,l,o,u,s, ,c,o,m,e,d,y, ,s,k,e,t,c,h,.
A, ,c,o,l,d, ,b,i,t,c,h, ,l,i,k,e, ,t,h,a,t, ,w,o,u,l,d, ,n,e,e,d, ,2, ,s,u,b, ,z,e,r,o, ,r,e,f,r,i,g,e,r,a,t,o,r,s, ,t,o, ,m,a,k,e, ,h,e,r, ,d,r,i,n,k,s, ,t,a,s,t,e, ,w,a,r,m
H,O,W, ,D,O,E,S, ,S,H,E, ,K,E,E,P, ,G,E,T,T,I,N,G, ,R,E,E,L,E,C,T,E,D,?,?,?,?
T,h,i,s, ,s,t,u,p,i,d,i,o, ,t,h,a,t, ,i,s, ,i,n, ,c,h,a,r,g,e, ,o,f, ,t,h,e, ,p,e,o,p,l,e,s, ,p,a,r,t,y, ,P,e,l,o,s,i, ,i,s, ,a, ,t,o,t,a,l, ,d,i,s,g,r,a,c,e, ,t,o, ,t,h,e, ,A,m,e,r,i,c,a,n, ,p,e,o,p,l,e
A, ,p,r,o,g,r,e,s,s,i,v,e, ,g,o,v,e,r,n,m,e,n,t, ,w,i,l,l, ,h,o,p,e,f,u,l,l,y, ,a,c,t, ,f,o,r, ,t,h,e, ,p,e,o,p,l,e, ,b,y, ,t,h,e, ,p,e,o,p,l,e
J,i,m,m,y, ,J,i,m,m,y, ,J,i,m,m,y, ,b,o,i, ,v,o,t,e, ,f,o,r, ,B,i,d,e,n, ,h,o,p,e,f,u,l,l,y, ,T,u,l,s,i, ,b,e,c,o,m,e,s, ,v,.,p, ,a,n,d, ,B,e,r,n,i,e, ,S,a,n,d,e,r,s, ,A,O,C, ,a,n,d, ,c,r,e,w, ,A,n,d,r,e,w, ,Y,a,n,g, ,w,i,l,l, ,b,e, ,i,n, ,t,h,e, ,f,r,a,m,e,w,o,r,k, ,w,i,t,h, ,K,a,m,a,l,a, ,H,a,r,r,i,s, ,C,o,r,y, ,B,o,o,k,e,r, ,g,e,t, ,üèï,üåÖ,üèù,üåÑ,üòä,ü§ü,üè¥,‚Äç,‚ò†,Ô∏è,üèû,üóΩ,g,e,t, ,r,d, ,o,f, ,t,h,e, ,o,r,a,n,g,e, ,c,l,o,w,n, ,a,n,d, ,h,i,s, ,f,o,l,l,i,e,s, ,a,n,d, ,P,e,l,o,s,i, ,H,i,l,l,a,r,y, ,C,l,i,n,t,o,n, ,m,i,t,c,h, ,M,c,C,o,n,n,e,l,l, ,a,n,d, ,a,l,l, ,t,h,e, ,p,a,r,a,s,i,t,e,s
P,r,e,s,i,d,e,n,t, ,T,r,u,m,p, ,b,y, ,a, ,L,A,N,D,S,L,I,D,E, ,!,!,!,!,!, , ,P,r,e,s,i,d,e,n,t, ,T,r,u,m,p, ,w,i,l,l, ,M,O,P, ,T,H,E, ,F,L,O,O,R,"
", ,w,i,t,h, ,B,i,d,e,n, ,i,n, ,t,h,e, ,d,e,b,a,t,e,s, ,!,!,!, ,M,A,G,A, ,!,!,!, , ,N,a,s,t,y, ,P,e,l,o,s,i, ,c,a,n, ,C,H,O,K,E, ,o,n, ,h,e,r, ,"
",i,c,e, ,c,r,e,a,m,",", ,a,l,o,n,g, ,w,i,t,h, ,h,e,r, ,d,e,n,t,u,r,e,s, ,!,!,!
I,‚Äô,m, ,n,o,t, ,a,n,t,i, ,n,o,r, ,p,r,o, ,T,r,u,m,p,., ,B,u,t, ,t,h,i,s, ,i,s, ,n,o,t, ,h,e,l,p,i,n,g, ,t,h,e,m, ,D,e,m,s,., ,I,‚Äô,m, ,r,e,g,i,s,t,e,r,e,d, ,r,e,p,u,b,l,i,c,a,n, ,b,u,t, ,I,‚Äô,v,e, ,l,i,k,e,d, ,D,e,m,o,c,r,a,t,‚Äô,s, ,h,e,r,e, ,a,n,d, ,t,h,e,r,e,., ,S,o,m,e, ,o,f, ,t,h,e,i,r, ,i,d,e,a,s, ,a,r,e, ,i,n, ,l,i,n,e, ,w,i,t,h, ,m,y, ,v,i,e,w,s, ,b,u,t, ,f,o,r, ,t,h,e, ,m,o,s,t, ,p,a,r,t, ,o,m,g, ,I, ,d,o,n,‚Äô,t, ,e,v,e,n, ,c,a,r,e, ,a,n,y, ,m,o,r,e, ,n,o,w,., ,R,e,p,u,b,l,i,c,a,n,s, ,c,a,n, ,d,o, ,g,r,e,a,t, ,t,h,i,n,g,s, ,a,n,d, ,D,e,m,o,c,r,a,t,s, ,b,u,t, ,f,i,r,s,t, ,a,n,d, ,f,o,r,e,m,o,s,t, ,w,e, ,a,r,e, ,s,c,r,e,w,e,d, ,b,y, ,a,l,l,.
I,n, ,a, ,s,m,a,l,l, ,O,r,e,g,o,n, ,c,o,m,m,u,n,i,t,y, ,w,e, ,t,r,y, ,a,n,d, ,s,h,o,p, ,l,o,c,a,l, ,w,h,e,n,e,v,e,r, ,p,o,s,s,i,b,l,e, ,e,s,p,e,c,i,a,l,l,y, ,f,o,r, ,I,c,e, ,C,r,e,a,m,",", ,w,h,o, ,t,h,e, ,f,u,c,k, ,p,a,y,s, ,f,r,e,i,g,h,t, ,f,o,r, ,i,c,e, ,c,r,e,a,m,?,?,?
T,h,i,s, ,i,s, ,t,h,e, ,k,i,n,d, ,o,f, ,s,t,u,f,f, ,t,h,a,t, ,g,o,t, ,T,r,u,m,p, ,e,l,e,c,t,e,d,.
O,n, ,a, ,d,i,f,f,e,r,e,n,t, ,t,o,p,i,c,",","
","
","
",G,o,d, ,I, ,m,i,s,s, ,C,r,a,i,g, ,F,e,r,g,u,s,o,n, ,o,n, ,t,h,e, ,L,a,t,e, ,L,a,t,e, ,S,h,o,w,.
W,a,y, ,t,o, ,g,o, ,T,r,u,m,p,!,!,!
Y,o,u, ,h,i,t, ,i,t, ,r,i,g,h,t, ,o,n, ,t,h,e, ,h,e,a,d,",", ,J,i,m,m,y,., ,Y,e,a,h,., ,T,h,a,t,',s, ,w,h,y, ,T,r,u,m,p, ,w,a,s, ,e,l,e,c,t,e,d,., ,I, ,h,a,d, ,a, ,c,o,i,n, ,p,i,c,k,e,d, ,o,u,t, ,t,o, ,f,l,i,p, ,b,e,t,w,e,e,n, ,h,i,m, ,a,n,d, ,B,e,r,n,i,e,., ,N,o,t, ,b,e,c,a,u,s,e, ,I, ,l,i,k,e,d, ,e,i,t,h,e,r, ,o,f, ,t,h,e,m, ,a,s, ,l,e,a,d,e,r,s,",", ,b,u,t, ,b,e,c,a,u,s,e, ,b,o,t,h, ,p,a,r,t,i,e,s, ,E,A,R,N,E,D, ,t,h,e,m,., ,H,i,l,l,a,r,y,',s, ,a,n,t,i,c,s,",", ,k,e,e,p,i,n,g, ,B,e,r,n,i,e, ,o,u,t,",", ,p,r,e,v,e,n,t,e,d, ,t,h,a,t, ,c,o,i,n, ,f,l,i,p, ,a,n,d, ,e,n,s,u,r,e,d, ,m,y, ,v,o,t,e, ,f,o,r, ,T,r,u,m,p,., ,I,f, ,a,n,y,t,h,i,n,g,",", ,i,t, ,f,i,r,m,e,d, ,u,p, ,m,y, ,r,e,s,o,l,v,e, ,t,o, ,v,o,t,e, ,T,r,u,m,p, ,j,u,s,t, ,t,o, ,s,t,i,c,k, ,i,t, ,t,o, ,H,i,l,l,a,r,y,., ,I,',v,e, ,b,e,e,n, ,t,e,l,l,i,n,g, ,t,h,e,s,e, ,p,e,o,p,l,e, ,e,v,e,r, ,s,i,n,c,e,",", ,"""",r,u,n, ,b,e,t,t,e,r, ,c,a,n,d,i,d,a,t,e,s,"""",",", ,a,n,d, ,w,h,o, ,d,i,d, ,t,h,e,y, ,p,i,c,k,?,"
","
","
",B,I,D,E,N,.,"
","
","
",I,',m, ,g,o,n,n,a, ,r,e,l,i,s,h, ,v,o,t,i,n,g, ,T,r,u,m,p, ,a,g,a,i,n, ,i,n, ,N,o,v,e,m,b,e,r,., ,I,t,',s, ,g,o,n,n,a, ,b,e, ,a, ,r,e,a,l, ,p,l,e,a,s,u,r,e,.
S,h,e, ,a,l,r,e,a,d,y, ,d,i,s,g,u,s,t,e,d, ,m,e, ,f,o,r, ,h,e,r, ,d,i,s,h,o,n,o,r, ,a,n,d, ,d,i,s,h,o,n,e,s,t, ,i,n, ,h,e,r, ,n,o,r,m,a,l, ,d,o,i,n,g,s,., ,A,n,d, ,s,h,e, ,j,u,s,t, ,h,a,d, ,t,o, ,c,o,m,e, ,u,p, ,w,i,t,h, ,a, ,w,a,y, ,t,o, ,m,a,k,e, ,m,e, ,d,e,s,p,i,s,e, ,h,e,r, ,e,v,e,n, ,m,o,r,e,.
"""",A, ,g,u,y, ,w,h,o, ,s,h,i,t,s, ,o,n, ,a, ,g,o,l,d,e,n, ,t,o,i,l,e,t, ,g,e,t,s, ,t,o, ,m,a,k,e, ,f,u,n, ,o,f, ,t,h,e,m, ,f,o,r, ,b,e,i,n,g, ,o,u,t, ,o,f, ,t,o,u,c,h, ,e,l,i,t,i,s,t,s,"""", , , ,"
","
","
",T,h,a,t, ,i,s, ,P,O,W,E,R,F,U,L, ,l,a,d,i,e,s, ,a,n,d, ,g,e,n,t,s,!
M,y, ,h,o,u,s,e, ,i,n, ,c,e,n,t,r,a,l, ,P,e,n,n,s,y,l,v,a,n,i,a, ,c,o,s,t, ,a,s, ,m,u,c,h, ,a,s, ,P,e,l,o,s,i,',s, ,r,e,f,r,i,g,e,r,a,t,o,r
N,a,n,c,y, ,i,s, ,a, ,r,a,n,c,i,d, ,B,i,t,c,h,.
M,a,y,b,e, ,s,h,e, ,w,o,u,l,d,n,',t, ,n,e,e,d, ,t,o, ,h,a,v,e, ,t,h,o,s,e, ,f,a,n,c,y, ,d,e,n,t,u,r,e,s,.,.,.
W,i,t,h,o,u,t, ,a, ,l,a,u,g,h, ,t,r,a,c,k, ,o,r, ,i,n, ,f,r,o,n,t, ,o,f, ,i,d,i,o,t,s, ,w,h,o, ,l,a,u,g,h, ,a,t, ,a,n,y,t,h,i,n,g, ,t,h,i,s, ,i,s, ,c,r,i,n,g,e, ,w,o,r,t,h,y,.
t,w,o, ,1,3, ,t,h,o,u,s,a,n,d, ,d,o,l,l,a,r, ,r,e,f,r,i,g,e,r,a,t,o,r,s, ,a,n,d, ,v,e,r,y, ,e,x,p,e,n,s,i,v,e, ,i,c,e, ,c,r,e,a,m
R,o,n, ,P,a,u,l, ,i,s, ,t,h,e, ,l,e,a,d,e,r, ,o,f, ,t,h,e, ,w,o,r,k,e,r,s, ,p,a,r,t,y,",", ,t,h,e,y,‚Äô,r,e, ,c,a,l,l,e,d, ,l,i,b,e,r,t,a,r,i,a,n,s,., ,I,n,c,o,m,e, ,a,n,d, ,p,r,o,p,e,r,t,y, ,t,a,x, ,a,r,e, ,t,h,e,f,t,",", ,a,n,d, ,a,s, ,f,a,r, ,a,s, ,I, ,c,a,n, ,t,e,l,l, ,J,i,m,m,y,",", ,y,o,u, ,s,u,p,p,o,r,t, ,h,i,g,h,e,r, ,t,a,x,e,s,.
‚Äú,A, ,h,u,n,d,r,e,d, ,m,i,l,l,i,o,n,a,i,r,e,‚Äù,., ,E,n,g,l,i,s,h,",", ,d,o, ,y,o,u, ,s,p,e,a,k, ,i,t,., ,O,n,g,o,i,n,g, ,p,r,e,g,n,a,n,t, ,p,a,u,s,e,s, ,a,n,d, ,r,e,a,d,i,n,g, ,f,r,o,m, ,a, ,s,c,r,i,p,t,., ,J,i,m,m,y, ,y,o,u,‚Äô,r,e, ,a, ,f,u,c,k,i,n,g, ,h,a,c,k,.
D,a,m,n, ,D,e,m,o,c,R,A,T,S, ,f,o,o,l,e,d, ,p,e,o,p,l,e, ,f,o,r, ,s,o, ,l,o,n,g,!,!,!, ,T,h,e,y, ,a,r,e, ,N,O,T, ,t,h,e, ,p,a,r,t,y, ,o,f, ,t,h,e, ,p,e,o,p,l,e,!,!,!, ,R,e, ,R,e,a,d
S,o, ,u,g,l,y, ,h,o,w, ,s,k,e,l,e,t,o,r, ,a,l,w,a,y,s, ,g,e,s,t,u,r,e,s, ,w,i,t,h, ,h,e,r, ,u,g,l,y, ,V,u,l,c,a,n, ,h,a,n,d,s, ,a,n,d, ,h,e,r, ,s,t,u,p,i,d, ,p,o,m,p,o,u,s, ,s,w,e,a,t,e,r, ,a,r,o,u,n,d, ,h,e,r, ,b,i,r,d, ,n,e,c,k,.,"
","
",H,a,r,d, ,t,o, ,i,m,a,g,i,n,e, ,a,n,y,o,n,e, ,s,h,e,d,d,i,n,g, ,a, ,t,e,a,r, ,a,f,t,e,r, ,t,h,i,s, ,w,a,x,e,d, ,o,v,e,r, ,b,e,e,f, ,j,e,r,k,y, ,k,a,c,k,s, ,o,f,f,.
H,a,r,d, ,t,o, ,w,a,t,c,h,., ,O,u,t, ,o,f, ,t,o,u,c,h,",", ,o,u,t, ,o,f, ,h,e,r, ,m,i,n,d,.
A,n,d, ,t,h,e, ,s,u,p,p,o,s,e,d, ,',p,a,r,t,y, ,o,f, ,i,n,t,e,l,l,e,c,t,s,', ,s,e,e,s, ,n,o, ,p,r,o,b,l,e,m, ,w,i,t,h, ,P,e,l,o,s,i, ,b,e,c,a,u,s,e, ,t,h,e,i,r, ,N,e,w, ,Y,o,r,k, ,T,i,m,e,s, ,a,n,d, ,N,P,R, ,t,e,l,l, ,t,h,e,m,., , , ,F,u,c,k,i,n, ,i,d,i,o,t,s,.
F,i,n,a,l,l,y, ,o,n, ,t,h,e, ,J,i,m,m,y, ,D,o,r,e, ,t,r,a,i,n,., ,T,h,n,x
S,h,e,',s, ,g,o,t, ,1,",",2,0,0,.,0,0, ,i,n, ,i,c,e,c,r,e,a,m,.
8,:,4,0, ,N,o,",", ,y,o,u, ,a,r,e, ,n,o,t, ,s,t,a,r,v,i,n,g,",", ,l,o,l,., ,I,f, ,y,o,u, ,w,e,r,e, ,r,e,a,l,l,y, ,s,t,a,r,v,i,n,g, ,y,o,u, ,w,o,u,l,d, ,b,e, ,d,i,g,g,i,n,g, ,t,h,r,o,u,g,h, ,t,r,a,s,h, ,f,o,r, ,f,o,o,d,., ,S,h,e,',s, ,o,b,v,i,o,u,s,l,y, ,n,e,v,e,r, ,b,e,e,n, ,m,o,r,e, ,t,h,a,n, ,a, ,d,a,y, ,o,r, ,t,w,o, ,w,i,t,h,o,u,t, ,s,o,m,e,t,h,i,n,g, ,t,o, ,e,a,t,.
J,a,m,e,s, ,C,o,r,d,e,n, ,n,e,e,d,s, ,t,o, ,b,e, ,p,u,m,m,e,l,l,e,d, ,t,o, ,d,e,a,t,h, ,w,i,t,h, ,b,l,u,n,t, ,i,n,s,t,r,u,m,e,n,t,s,.
T,h,e, ,o,n,l,y, ,t,h,i,n,g, ,m,i,s,s,i,n,g, ,i,s, ,s,h,e, ,d,i,d,n,',t, ,c,r,a,c,k, ,o,p,e,n, ,a, ,b,e,e,r,.
Y,o,u, ,g,o,t, ,t,h,a,t, ,r,i,g,h,t, ,J,i,m,m,y,!, ,T,h,e, ,m,o,s,t, ,c,o,r,r,u,p,t, ,p,a,r,t,y, ,t,h,e, ,D,e,m,o,n,c,r,a,t,s,.
o,h, ,m,a,n,!, ,i,f, ,s,h,e, ,h,a,d, ,s,a,i,d, ,"""",c,a,k,e,"""",",", ,t,h,a,t, ,w,o,u,l,d, ,h,a,v,e, ,b,e,e,n, ,s,o, ,a,w,e,s,o,m,e,!
J,i,m,m,y,",", ,h,o,w, ,d,o, ,y,o,u, ,k,n,o,w, ,T,r,u,m,p, ,s,h,i,t,s, ,o,n, ,a, ,g,o,l,d,e,n, ,t,o,i,l,e,t,?
P,e,l,o,s,i, ,i,s, ,a, ,c,u,n,t,.,.,a, ,n,e,c,r,o,t,i,c,",", ,w,r,i,n,k,l,e,d, ,s,t,a,n,k, ,c,u,n,t,., ,S,h,e, ,i,s, ,a, ,8,0,-,y,e,a,r,-,o,l,d, ,b,a,g, ,o,f, ,p,u,s, ,t,h,a,t, ,n,e,e,d,s, ,t,o, ,b,e, ,b,u,r,i,e,d, ,6, ,f,e,e,t, ,u,n,d,e,r
L,e,t, , ,e,m, ,e,a,t, ,c,a,k,e,",",",",",",h,o,w, ,d,i,d, ,t,h,a,t, ,w,o,r,k, ,o,u,t,?
W,h,a,t, ,w,e,r,e, ,y,o,u, ,t,h,i,n,k,i,n,g, ,y,o,u, ,o,u,t, ,o,f, ,t,o,u,c,h, ,o,v,e,r, ,p,r,i,v,i,l,e,g,e,d, ,h,a,g,?,!
I, ,a,m, ,a, ,r,e,p,u,b,l,i,c,a,n, ,a,n,d, ,k,n,o,w, ,y,o,u, ,a,l,l, ,h,a,t,e, ,m,e,",", ,b,u,t, ,c,a,n, ,w,e, ,j,u,s,t, ,p,u,t, ,o,u,r, ,d,i,f,f,e,r,e,n,c,e,s, ,a,s,i,d,e, ,f,o,r, ,j,u,s,t, ,a, ,w,e,e, ,l,i,t,t,l,e, ,b,i,t, ,t,o, ,w,o,r,k, ,o,n, ,g,e,t,t,i,n,g, ,t,w,a,t,s, ,l,i,k,e, ,t,h,i,s, ,o,u,t, ,o,f, ,o,f,f,i,c,e,?
