Kkow80xNBA0,bpCRQZiQ6Y8
Kkow80xNBA0,v_xUK1EeSwk
Kkow80xNBA0,eJdK6e-GgYQ
Kkow80xNBA0,HJxOqMG3wX8
Kkow80xNBA0,WbWPx_h9lvc
Kkow80xNBA0,DRNjotba5UY
Kkow80xNBA0,_3A_nChO1G8
Kkow80xNBA0,ffRl9L-vBrI
Kkow80xNBA0,s2dNEQiHUUo
Kkow80xNBA0,fttknbIFiR4
Kkow80xNBA0,pR-DyTlwbpU
Kkow80xNBA0,MQvsm8gu6rg
Kkow80xNBA0,2jCfHAW9izw
Kkow80xNBA0,O_upP1_xsII
Kkow80xNBA0,rEjtLrYV2pg
Kkow80xNBA0,8707xXkoF9Y
Kkow80xNBA0,an6rjBDE6zA
Kkow80xNBA0,LOe47HeL6Ds
Kkow80xNBA0,XGL9segt8Fs
Kkow80xNBA0,nz7wY23VWj8
bpCRQZiQ6Y8,fttknbIFiR4
bpCRQZiQ6Y8,WbWPx_h9lvc
bpCRQZiQ6Y8,cUht2nXexiE
bpCRQZiQ6Y8,DrTqMbn3PZ8
bpCRQZiQ6Y8,rMXJOKhf_AA
bpCRQZiQ6Y8,8707xXkoF9Y
bpCRQZiQ6Y8,rq3QXIVR0bs
bpCRQZiQ6Y8,pZvAvNJL-gE
bpCRQZiQ6Y8,pR-DyTlwbpU
bpCRQZiQ6Y8,t0PQMvH3DYU
bpCRQZiQ6Y8,Kkow80xNBA0
bpCRQZiQ6Y8,O_upP1_xsII
bpCRQZiQ6Y8,nj-YK3JJCIU
bpCRQZiQ6Y8,M7cKGdspE0E
bpCRQZiQ6Y8,Uh3J2WTVhI8
bpCRQZiQ6Y8,7oDgh1ejikA
bpCRQZiQ6Y8,XGL9segt8Fs
bpCRQZiQ6Y8,VeDMPkBXMpY
bpCRQZiQ6Y8,Q3r-cPQkdYc
bpCRQZiQ6Y8,16EzpUFKcHE
JbHNVtsAD2M,wbk7Xow2N3o
JbHNVtsAD2M,nhw5RHvPalk
JbHNVtsAD2M,UpDN-XAVDOM
JbHNVtsAD2M,egeMAIXYIvI
JbHNVtsAD2M,mnVWBoSoF7s
JbHNVtsAD2M,_4t1r3B_BXo
JbHNVtsAD2M,yCt5-jrH5Gc
JbHNVtsAD2M,HXMh7Q_qvl4
JbHNVtsAD2M,OW-dD7IRkbk
JbHNVtsAD2M,2wKYS_C3a70
JbHNVtsAD2M,bpCRQZiQ6Y8
JbHNVtsAD2M,h0AMaW4XRCI
JbHNVtsAD2M,zcmXOTDZamI
JbHNVtsAD2M,cUht2nXexiE
JbHNVtsAD2M,lIaj4j2qLnY
JbHNVtsAD2M,uPCev3F49A0
JbHNVtsAD2M,PeLw-WWpAew
JbHNVtsAD2M,aMmNbrq7qoE
JbHNVtsAD2M,kLPEJPVkONw
JbHNVtsAD2M,HMyGFCTqufg
2p2bmyspD4s,lcRXbsPafBM
2p2bmyspD4s,CQgbEM_KB6k
2p2bmyspD4s,4RXzmk6ipik
2p2bmyspD4s,bpCRQZiQ6Y8
2p2bmyspD4s,cUht2nXexiE
2p2bmyspD4s,9gv4Abt3sZU
2p2bmyspD4s,SCO-KwYpH0M
2p2bmyspD4s,UpDN-XAVDOM
2p2bmyspD4s,XGL9segt8Fs
2p2bmyspD4s,RU4VFbdxnIY
2p2bmyspD4s,xtfzkVsHZgM
2p2bmyspD4s,DpZaEVgNyDQ
2p2bmyspD4s,VmRwHYzNh1U
2p2bmyspD4s,HMyGFCTqufg
2p2bmyspD4s,ho6tdkZ1IJg
2p2bmyspD4s,dyaoRXAsGGo
2p2bmyspD4s,POVsOdFP2aY
2p2bmyspD4s,x_1fefRytoQ
2p2bmyspD4s,JbHNVtsAD2M
2p2bmyspD4s,yyDRxsqc11c
VtT8vdptG_w,HJxOqMG3wX8
VtT8vdptG_w,bpCRQZiQ6Y8
VtT8vdptG_w,fttknbIFiR4
VtT8vdptG_w,fTBWI_Cy7FQ
VtT8vdptG_w,eJdK6e-GgYQ
VtT8vdptG_w,yCt5-jrH5Gc
VtT8vdptG_w,fT2nYGKyqPw
VtT8vdptG_w,RiWlLkvQoAo
VtT8vdptG_w,v6rj8-_9aZI
VtT8vdptG_w,YoIqYFj4gGI
VtT8vdptG_w,s2dNEQiHUUo
VtT8vdptG_w,G4aLxcQMwzs
VtT8vdptG_w,BdHTZ1KWmBU
VtT8vdptG_w,HOVr_ClyiZE
VtT8vdptG_w,Kkow80xNBA0
VtT8vdptG_w,5bGfqEXVD1s
VtT8vdptG_w,70rdtE85DtI
VtT8vdptG_w,3aCMtFgE-E8
VtT8vdptG_w,O_upP1_xsII
VtT8vdptG_w,N9MLWhMUDps
UpDN-XAVDOM,q0QfVxW1E5Q
UpDN-XAVDOM,nhw5RHvPalk
UpDN-XAVDOM,VgtDIVF7oSk
UpDN-XAVDOM,WbWPx_h9lvc
UpDN-XAVDOM,OQFk8IBnDAM
UpDN-XAVDOM,2MO4QdivCBI
UpDN-XAVDOM,oZDreHPzU94
UpDN-XAVDOM,YitL7zVNot0
UpDN-XAVDOM,yCt5-jrH5Gc
UpDN-XAVDOM,j0-1XUwlDZU
UpDN-XAVDOM,XGL9segt8Fs
UpDN-XAVDOM,fgUQPE7-T-c
UpDN-XAVDOM,dFUpqnytvhE
UpDN-XAVDOM,AHGmTMO8cZs
UpDN-XAVDOM,HMyGFCTqufg
UpDN-XAVDOM,rJI7g13fgPs
UpDN-XAVDOM,zpSVVgZyUBs
UpDN-XAVDOM,YZ1oSS5bQvQ
UpDN-XAVDOM,0ZJlAPhQv5c
UpDN-XAVDOM,JbHNVtsAD2M
dBEpIwDIWiE,oo7lFdpJt4o
dBEpIwDIWiE,9t5jmgnQBss
dBEpIwDIWiE,WbWPx_h9lvc
dBEpIwDIWiE,yCt5-jrH5Gc
dBEpIwDIWiE,7lYVggyHRkY
dBEpIwDIWiE,DbJ0vEPXr9k
dBEpIwDIWiE,-H3DQQVRp3U
dBEpIwDIWiE,cordxL3sn0c
dBEpIwDIWiE,HJxOqMG3wX8
dBEpIwDIWiE,go2bVGi0ReE
dBEpIwDIWiE,C8COV_x7MB4
dBEpIwDIWiE,lr1LfA9KtqE
dBEpIwDIWiE,Kkow80xNBA0
dBEpIwDIWiE,wiH7iI0pfl8
dBEpIwDIWiE,lJAFE20CilQ
dBEpIwDIWiE,9b9ZuVDQPF8
dBEpIwDIWiE,WllK0wVvwBk
dBEpIwDIWiE,ho6tdkZ1IJg
dBEpIwDIWiE,a0a4tYsh86w
dBEpIwDIWiE,utpqCrkx9EM
nhw5RHvPalk,RmyJ0QGC9gc
nhw5RHvPalk,UpDN-XAVDOM
nhw5RHvPalk,JbHNVtsAD2M
nhw5RHvPalk,BeC0-tj_IMA
nhw5RHvPalk,ITnpeJhM_7o
nhw5RHvPalk,cUht2nXexiE
nhw5RHvPalk,SfTMRCaH0Mc
nhw5RHvPalk,fq7oxHQb4MY
nhw5RHvPalk,t0PQMvH3DYU
nhw5RHvPalk,egeMAIXYIvI
nhw5RHvPalk,K46Mg4csqFE
nhw5RHvPalk,AhVnjg2ayU4
nhw5RHvPalk,HJxOqMG3wX8
nhw5RHvPalk,pkq4HEZNPvE
nhw5RHvPalk,q0QfVxW1E5Q
nhw5RHvPalk,SkeSJLgzG8k
nhw5RHvPalk,xY7aqvR9oD0
nhw5RHvPalk,6ac_pbq-zHc
nhw5RHvPalk,h9RrlXSMkt0
nhw5RHvPalk,jIj9MIbPh5Q
jC4lWVSddec,RAMbIz3Y2JA
jC4lWVSddec,OQDFyoDi-1g
jC4lWVSddec,Uh3J2WTVhI8
jC4lWVSddec,Kkow80xNBA0
jC4lWVSddec,3aCMtFgE-E8
jC4lWVSddec,qtAeINU3FKM
jC4lWVSddec,dBEpIwDIWiE
jC4lWVSddec,wiH7iI0pfl8
jC4lWVSddec,lIaj4j2qLnY
jC4lWVSddec,MryC6qC3FYA
jC4lWVSddec,pR-DyTlwbpU
jC4lWVSddec,bpCRQZiQ6Y8
jC4lWVSddec,Fdfru9NHGvE
jC4lWVSddec,_3A_nChO1G8
jC4lWVSddec,Wk0htIVnK_s
jC4lWVSddec,PkGo1nsm1ic
jC4lWVSddec,0PqKK4rE5Lk
jC4lWVSddec,OBYmeLBWjeI
jC4lWVSddec,64WCGXdHOwU
jC4lWVSddec,TyZQ4b5d9qo
BUWquXn3ztg,W3ZMGOYe99M
BUWquXn3ztg,HOVr_ClyiZE
BUWquXn3ztg,bolKhTlhabI
BUWquXn3ztg,2GsZWS630fQ
BUWquXn3ztg,BdHTZ1KWmBU
BUWquXn3ztg,HJxOqMG3wX8
BUWquXn3ztg,u7Ia6zl-hp0
BUWquXn3ztg,70rdtE85DtI
BUWquXn3ztg,yCt5-jrH5Gc
BUWquXn3ztg,v6rj8-_9aZI
BUWquXn3ztg,bpCRQZiQ6Y8
BUWquXn3ztg,Cdi9oWWEk_w
BUWquXn3ztg,lunMfWDypx4
BUWquXn3ztg,FKQufsk-AEs
BUWquXn3ztg,zmOfodLMDcM
BUWquXn3ztg,4PlHxfUdjY4
BUWquXn3ztg,BM6a2EqRg3c
BUWquXn3ztg,YoIqYFj4gGI
BUWquXn3ztg,iLLXRvejIeg
BUWquXn3ztg,_BNLqQMpsII
