Biden Ad Panders To Young People With Zero Substance,Joe Rogan Experience #1412 - Jimmy Dore
Biden Ad Panders To Young People With Zero Substance,Trump campaign's DEVASTATING ad hits Pelosi's 'let them eat cake' moment
Biden Ad Panders To Young People With Zero Substance,Trump Turned Pelosi's Ice Cream Gaffe In A BRUTAL Ad
Biden Ad Panders To Young People With Zero Substance,"New Trump Ad MOCKS Pelosi: ""Nancy Antoinette"""
Biden Ad Panders To Young People With Zero Substance,"Krystal Ball: The woke Left tried to cancel me, that's why they keep losing"
Biden Ad Panders To Young People With Zero Substance,Moderates Oppose Pelosi While Progressives Cave Again!
Biden Ad Panders To Young People With Zero Substance,Nancy Pelosi Gets Dragged For Ice Cream Stunt In New Trump Ad
Biden Ad Panders To Young People With Zero Substance,Republicans Hit Nancy Pelosi From the Left with Utterly BRUTAL Attack Ad
Biden Ad Panders To Young People With Zero Substance,Krystal and Saagar: Pelosi's SHOCKING let them eat cake moment
Biden Ad Panders To Young People With Zero Substance,Michael Moore Presents: Planet of the Humans | Full Documentary | Directed by Jeff Gibbs
Biden Ad Panders To Young People With Zero Substance,â€ğ‘³ğ’†ğ’• ğ’•ğ’‰ğ’†ğ’ ğ’†ğ’‚ğ’• ğ’Šğ’„ğ’† ğ’„ğ’“ğ’†ğ’‚ğ’.â€ - ğ‘µğ’‚ğ’ğ’„ğ’š ğ‘¨ğ’ğ’•ğ’ğ’Šğ’ğ’†ğ’•ğ’•ğ’†
Biden Ad Panders To Young People With Zero Substance,Cyclist berated by CNNâ€™s Cuomo speaks out on â€˜Tucker Carlson Tonightâ€™
Biden Ad Panders To Young People With Zero Substance,"""Let Them Eat Ice Cream"": DEVASTATING Ad About Nancy Pelosi goes Viral"
Biden Ad Panders To Young People With Zero Substance,Obama Gaslights Non-Stop In Endorsement Video For Biden
Biden Ad Panders To Young People With Zero Substance,Krystal Ball: Lib writer says she'd vote Biden if he 'Boiled babies and ate them'
Biden Ad Panders To Young People With Zero Substance,Shocking Reactions To U.S. Healthcare Costs From The UK
Biden Ad Panders To Young People With Zero Substance,How Bernie & Squad Actually Support Corporate State. w/Chris Hedges
Biden Ad Panders To Young People With Zero Substance,Krystal and Saagar REACT: Biden tells Breakfast Club 'You ain't black' if you consider voting Trump
Biden Ad Panders To Young People With Zero Substance,Trump LOSES IT when asked why heâ€™s congratulating himself as people are dying
Biden Ad Panders To Young People With Zero Substance,Pelosi Then: â€œBelieve Women!â€. Now: â€œDue Process!â€. WTF?
GOP Ad Attacks Pelosi As The Out of Touch Elitist She Is,Joe Rogan Experience #1412 - Jimmy Dore
GOP Ad Attacks Pelosi As The Out of Touch Elitist She Is,Trump campaign's DEVASTATING ad hits Pelosi's 'let them eat cake' moment
GOP Ad Attacks Pelosi As The Out of Touch Elitist She Is,Trump Turned Pelosi's Ice Cream Gaffe In A BRUTAL Ad
GOP Ad Attacks Pelosi As The Out of Touch Elitist She Is,"New Trump Ad MOCKS Pelosi: ""Nancy Antoinette"""
GOP Ad Attacks Pelosi As The Out of Touch Elitist She Is,"Krystal Ball: The woke Left tried to cancel me, that's why they keep losing"
GOP Ad Attacks Pelosi As The Out of Touch Elitist She Is,Moderates Oppose Pelosi While Progressives Cave Again!
GOP Ad Attacks Pelosi As The Out of Touch Elitist She Is,Nancy Pelosi Gets Dragged For Ice Cream Stunt In New Trump Ad
GOP Ad Attacks Pelosi As The Out of Touch Elitist She Is,Republicans Hit Nancy Pelosi From the Left with Utterly BRUTAL Attack Ad
GOP Ad Attacks Pelosi As The Out of Touch Elitist She Is,Krystal and Saagar: Pelosi's SHOCKING let them eat cake moment
GOP Ad Attacks Pelosi As The Out of Touch Elitist She Is,Michael Moore Presents: Planet of the Humans | Full Documentary | Directed by Jeff Gibbs
GOP Ad Attacks Pelosi As The Out of Touch Elitist She Is,â€ğ‘³ğ’†ğ’• ğ’•ğ’‰ğ’†ğ’ ğ’†ğ’‚ğ’• ğ’Šğ’„ğ’† ğ’„ğ’“ğ’†ğ’‚ğ’.â€ - ğ‘µğ’‚ğ’ğ’„ğ’š ğ‘¨ğ’ğ’•ğ’ğ’Šğ’ğ’†ğ’•ğ’•ğ’†
GOP Ad Attacks Pelosi As The Out of Touch Elitist She Is,Cyclist berated by CNNâ€™s Cuomo speaks out on â€˜Tucker Carlson Tonightâ€™
GOP Ad Attacks Pelosi As The Out of Touch Elitist She Is,"""Let Them Eat Ice Cream"": DEVASTATING Ad About Nancy Pelosi goes Viral"
GOP Ad Attacks Pelosi As The Out of Touch Elitist She Is,Obama Gaslights Non-Stop In Endorsement Video For Biden
GOP Ad Attacks Pelosi As The Out of Touch Elitist She Is,Krystal Ball: Lib writer says she'd vote Biden if he 'Boiled babies and ate them'
GOP Ad Attacks Pelosi As The Out of Touch Elitist She Is,Shocking Reactions To U.S. Healthcare Costs From The UK
GOP Ad Attacks Pelosi As The Out of Touch Elitist She Is,How Bernie & Squad Actually Support Corporate State. w/Chris Hedges
GOP Ad Attacks Pelosi As The Out of Touch Elitist She Is,Krystal and Saagar REACT: Biden tells Breakfast Club 'You ain't black' if you consider voting Trump
GOP Ad Attacks Pelosi As The Out of Touch Elitist She Is,Trump LOSES IT when asked why heâ€™s congratulating himself as people are dying
GOP Ad Attacks Pelosi As The Out of Touch Elitist She Is,Pelosi Then: â€œBelieve Women!â€. Now: â€œDue Process!â€. WTF?
Trump Ad Slams Out Of Touch Pelosi,Joe Rogan Experience #1412 - Jimmy Dore
Trump Ad Slams Out Of Touch Pelosi,Trump campaign's DEVASTATING ad hits Pelosi's 'let them eat cake' moment
Trump Ad Slams Out Of Touch Pelosi,Trump Turned Pelosi's Ice Cream Gaffe In A BRUTAL Ad
Trump Ad Slams Out Of Touch Pelosi,"New Trump Ad MOCKS Pelosi: ""Nancy Antoinette"""
Trump Ad Slams Out Of Touch Pelosi,"Krystal Ball: The woke Left tried to cancel me, that's why they keep losing"
Trump Ad Slams Out Of Touch Pelosi,Moderates Oppose Pelosi While Progressives Cave Again!
Trump Ad Slams Out Of Touch Pelosi,Nancy Pelosi Gets Dragged For Ice Cream Stunt In New Trump Ad
Trump Ad Slams Out Of Touch Pelosi,Republicans Hit Nancy Pelosi From the Left with Utterly BRUTAL Attack Ad
Trump Ad Slams Out Of Touch Pelosi,Krystal and Saagar: Pelosi's SHOCKING let them eat cake moment
Trump Ad Slams Out Of Touch Pelosi,Michael Moore Presents: Planet of the Humans | Full Documentary | Directed by Jeff Gibbs
Trump Ad Slams Out Of Touch Pelosi,â€ğ‘³ğ’†ğ’• ğ’•ğ’‰ğ’†ğ’ ğ’†ğ’‚ğ’• ğ’Šğ’„ğ’† ğ’„ğ’“ğ’†ğ’‚ğ’.â€ - ğ‘µğ’‚ğ’ğ’„ğ’š ğ‘¨ğ’ğ’•ğ’ğ’Šğ’ğ’†ğ’•ğ’•ğ’†
Trump Ad Slams Out Of Touch Pelosi,Cyclist berated by CNNâ€™s Cuomo speaks out on â€˜Tucker Carlson Tonightâ€™
Trump Ad Slams Out Of Touch Pelosi,"""Let Them Eat Ice Cream"": DEVASTATING Ad About Nancy Pelosi goes Viral"
Trump Ad Slams Out Of Touch Pelosi,Obama Gaslights Non-Stop In Endorsement Video For Biden
Trump Ad Slams Out Of Touch Pelosi,Krystal Ball: Lib writer says she'd vote Biden if he 'Boiled babies and ate them'
Trump Ad Slams Out Of Touch Pelosi,Shocking Reactions To U.S. Healthcare Costs From The UK
Trump Ad Slams Out Of Touch Pelosi,How Bernie & Squad Actually Support Corporate State. w/Chris Hedges
Trump Ad Slams Out Of Touch Pelosi,Krystal and Saagar REACT: Biden tells Breakfast Club 'You ain't black' if you consider voting Trump
Trump Ad Slams Out Of Touch Pelosi,Trump LOSES IT when asked why heâ€™s congratulating himself as people are dying
Trump Ad Slams Out Of Touch Pelosi,Pelosi Then: â€œBelieve Women!â€. Now: â€œDue Process!â€. WTF?
